feature_left,feature_right,pairwise_count,pearson,spearman,abs_spearman
daily_load,daily_load,36550,1.0,1.0,1.0
daily_load,fatigue,16992,0.06525199641852589,0.07057985114100156,0.07057985114100156
fatigue,daily_load,16992,0.06525199641852589,0.07057985114100156,0.07057985114100156
daily_load,readiness,16997,0.1695099373689785,0.16639322550238983,0.16639322550238983
readiness,daily_load,16997,0.1695099373689785,0.16639322550238983,0.16639322550238983
daily_load,wellness_metric_count,36550,0.5420035176157767,0.635031298397117,0.635031298397117
wellness_metric_count,daily_load,36550,0.5420035176157767,0.635031298397117,0.635031298397117
daily_load,session_count,36550,0.853415589027856,0.9654114924366508,0.9654114924366508
session_count,daily_load,36550,0.853415589027856,0.9654114924366508,0.9654114924366508
daily_load,session_duration_minutes,36550,0.9409100857732352,0.9869385719660752,0.9869385719660752
session_duration_minutes,daily_load,36550,0.9409100857732352,0.9869385719660752,0.9869385719660752
daily_load,session_srpe,36550,0.9945868657421163,0.9991975283233818,0.9991975283233818
session_srpe,daily_load,36550,0.9945868657421163,0.9991975283233818,0.9991975283233818
daily_load,daily_load_sum_3d,36550,0.7484071055651451,0.7867838348337707,0.7867838348337707
daily_load_sum_3d,daily_load,36550,0.7484071055651451,0.7867838348337707,0.7867838348337707
daily_load,daily_load_sum_7d,36550,0.6698468910445873,0.7303870429504513,0.7303870429504513
daily_load_sum_7d,daily_load,36550,0.6698468910445873,0.7303870429504513,0.7303870429504513
daily_load,daily_load_sum_14d,36550,0.6253405467481813,0.6940573864735896,0.6940573864735896
daily_load_sum_14d,daily_load,36550,0.6253405467481813,0.6940573864735896,0.6940573864735896
daily_load,daily_load_sum_28d,36550,0.5853728720511225,0.6597543355570147,0.6597543355570147
daily_load_sum_28d,daily_load,36550,0.5853728720511225,0.6597543355570147,0.6597543355570147
daily_load,session_duration_sum_3d,36550,0.7252145278109454,0.793738346085941,0.793738346085941
session_duration_sum_3d,daily_load,36550,0.7252145278109454,0.793738346085941,0.793738346085941
daily_load,session_duration_sum_7d,36550,0.6501931768574781,0.7328278177667831,0.7328278177667831
session_duration_sum_7d,daily_load,36550,0.6501931768574781,0.7328278177667831,0.7328278177667831
daily_load,session_duration_sum_14d,36550,0.6096564710447813,0.6959784953005573,0.6959784953005573
session_duration_sum_14d,daily_load,36550,0.6096564710447813,0.6959784953005573,0.6959784953005573
daily_load,session_duration_sum_28d,36550,0.5728104275703583,0.6615717698571542,0.6615717698571542
session_duration_sum_28d,daily_load,36550,0.5728104275703583,0.6615717698571542,0.6615717698571542
daily_load,session_srpe_sum_3d,36550,0.7457509421642683,0.7863415090878613,0.7863415090878613
session_srpe_sum_3d,daily_load,36550,0.7457509421642683,0.7863415090878613,0.7863415090878613
daily_load,session_srpe_sum_7d,36550,0.6683577135612155,0.730286413440559,0.730286413440559
session_srpe_sum_7d,daily_load,36550,0.6683577135612155,0.730286413440559,0.730286413440559
daily_load,session_srpe_sum_14d,36550,0.624189445073387,0.6940840404541635,0.6940840404541635
session_srpe_sum_14d,daily_load,36550,0.624189445073387,0.6940840404541635,0.6940840404541635
daily_load,session_srpe_sum_28d,36550,0.584539412801102,0.6599635261329918,0.6599635261329918
session_srpe_sum_28d,daily_load,36550,0.584539412801102,0.6599635261329918,0.6599635261329918
daily_load,fatigue_mean_3d,20188,0.04004714830806799,0.04179599930527998,0.04179599930527998
fatigue_mean_3d,daily_load,20188,0.04004714830806799,0.04179599930527998,0.04179599930527998
daily_load,fatigue_mean_7d,21477,0.027141228786129963,0.03151034697040033,0.03151034697040033
fatigue_mean_7d,daily_load,21477,0.027141228786129963,0.03151034697040033,0.03151034697040033
daily_load,fatigue_mean_14d,22572,0.02500230040765962,0.029055492971220894,0.029055492971220894
fatigue_mean_14d,daily_load,22572,0.02500230040765962,0.029055492971220894,0.029055492971220894
daily_load,fatigue_mean_28d,23819,0.025813815410716125,0.02943489978456757,0.02943489978456757
fatigue_mean_28d,daily_load,23819,0.025813815410716125,0.02943489978456757,0.02943489978456757
daily_load,readiness_mean_3d,20190,0.09491760395356787,0.08675018910767149,0.08675018910767149
readiness_mean_3d,daily_load,20190,0.09491760395356787,0.08675018910767149,0.08675018910767149
daily_load,readiness_mean_7d,21480,0.0746350291920846,0.07359900695953923,0.07359900695953923
readiness_mean_7d,daily_load,21480,0.0746350291920846,0.07359900695953923,0.07359900695953923
daily_load,readiness_mean_14d,22579,0.06500508028731976,0.0704507187288746,0.0704507187288746
readiness_mean_14d,daily_load,22579,0.06500508028731976,0.0704507187288746,0.0704507187288746
daily_load,readiness_mean_28d,23815,0.056459396008847806,0.06832139973754643,0.06832139973754643
readiness_mean_28d,daily_load,23815,0.056459396008847806,0.06832139973754643,0.06832139973754643
daily_load,daily_load_baseline_mean_prior,36500,0.40181754124728164,0.4800281045616959,0.4800281045616959
daily_load_baseline_mean_prior,daily_load,36500,0.40181754124728164,0.4800281045616959,0.4800281045616959
daily_load,daily_load_zscore_prior,27598,0.6381320167216977,0.862875505611107,0.862875505611107
daily_load_zscore_prior,daily_load,27598,0.6381320167216977,0.862875505611107,0.862875505611107
daily_load,fatigue_baseline_mean_prior,27327,0.023680749463331128,0.01408079980666796,0.01408079980666796
fatigue_baseline_mean_prior,daily_load,27327,0.023680749463331128,0.01408079980666796,0.01408079980666796
daily_load,fatigue_zscore_prior,16806,0.08339146497708111,0.07536139386771887,0.07536139386771887
fatigue_zscore_prior,daily_load,16806,0.08339146497708111,0.07536139386771887,0.07536139386771887
daily_load,readiness_baseline_mean_prior,27323,-0.009848430023574406,0.0007249926570193639,0.0007249926570193639
readiness_baseline_mean_prior,daily_load,27323,-0.009848430023574406,0.0007249926570193639,0.0007249926570193639
daily_load,readiness_zscore_prior,16858,0.19908080228803662,0.19275062372962465,0.19275062372962465
readiness_zscore_prior,daily_load,16858,0.19908080228803662,0.19275062372962465,0.19275062372962465
daily_load,wellness_report_present,36550,0.542105062895183,0.6352197186924297,0.6352197186924297
wellness_report_present,daily_load,36550,0.542105062895183,0.6352197186924297,0.6352197186924297
daily_load,session_recorded,36550,0.8186461979218097,0.9610106462954905,0.9610106462954905
session_recorded,daily_load,36550,0.8186461979218097,0.9610106462954905,0.9610106462954905
daily_load,daily_load_log1p,36550,0.8825588128038709,1.0,1.0
daily_load_log1p,daily_load,36550,0.8825588128038709,1.0,1.0
daily_load,session_duration_minutes_log1p,36550,0.8659251327101212,0.9869385719660752,0.9869385719660752
session_duration_minutes_log1p,daily_load,36550,0.8659251327101212,0.9869385719660752,0.9869385719660752
daily_load,session_srpe_log1p,36550,0.8813864959830099,0.9991975283233818,0.9991975283233818
session_srpe_log1p,daily_load,36550,0.8813864959830099,0.9991975283233818,0.9991975283233818
daily_load,daily_load_sum_3d_log1p,36550,0.6559191967225056,0.7867838348337707,0.7867838348337707
daily_load_sum_3d_log1p,daily_load,36550,0.6559191967225056,0.7867838348337707,0.7867838348337707
daily_load,daily_load_sum_7d_log1p,36550,0.5935135946857947,0.7303870429504513,0.7303870429504513
daily_load_sum_7d_log1p,daily_load,36550,0.5935135946857947,0.7303870429504513,0.7303870429504513
daily_load,daily_load_sum_14d_log1p,36550,0.5555578111126251,0.6940573864735896,0.6940573864735896
daily_load_sum_14d_log1p,daily_load,36550,0.5555578111126251,0.6940573864735896,0.6940573864735896
daily_load,daily_load_sum_28d_log1p,36550,0.518793089257405,0.6597543355570147,0.6597543355570147
daily_load_sum_28d_log1p,daily_load,36550,0.518793089257405,0.6597543355570147,0.6597543355570147
daily_load,session_duration_sum_3d_log1p,36550,0.6576959366605108,0.793738346085941,0.793738346085941
session_duration_sum_3d_log1p,daily_load,36550,0.6576959366605108,0.793738346085941,0.793738346085941
daily_load,session_duration_sum_7d_log1p,36550,0.5964451524443721,0.7328278177667831,0.7328278177667831
session_duration_sum_7d_log1p,daily_load,36550,0.5964451524443721,0.7328278177667831,0.7328278177667831
daily_load,session_duration_sum_14d_log1p,36550,0.55981047328702,0.6959784953005573,0.6959784953005573
session_duration_sum_14d_log1p,daily_load,36550,0.55981047328702,0.6959784953005573,0.6959784953005573
daily_load,session_duration_sum_28d_log1p,36550,0.5240226789663892,0.6615717698571542,0.6615717698571542
session_duration_sum_28d_log1p,daily_load,36550,0.5240226789663892,0.6615717698571542,0.6615717698571542
daily_load,session_srpe_sum_3d_log1p,36550,0.6552824404087539,0.7863415090878613,0.7863415090878613
session_srpe_sum_3d_log1p,daily_load,36550,0.6552824404087539,0.7863415090878613,0.7863415090878613
daily_load,session_srpe_sum_7d_log1p,36550,0.5931165927590066,0.730286413440559,0.730286413440559
session_srpe_sum_7d_log1p,daily_load,36550,0.5931165927590066,0.730286413440559,0.730286413440559
daily_load,session_srpe_sum_14d_log1p,36550,0.5552115423498823,0.6940840404541635,0.6940840404541635
session_srpe_sum_14d_log1p,daily_load,36550,0.5552115423498823,0.6940840404541635,0.6940840404541635
daily_load,session_srpe_sum_28d_log1p,36550,0.5184970667364234,0.6599635261329918,0.6599635261329918
session_srpe_sum_28d_log1p,daily_load,36550,0.5184970667364234,0.6599635261329918,0.6599635261329918
fatigue,fatigue,16992,1.0,1.0,1.0
fatigue,readiness,16983,0.48524921251816827,0.47860941122815637,0.47860941122815637
readiness,fatigue,16983,0.48524921251816827,0.47860941122815637,0.47860941122815637
fatigue,wellness_metric_count,16992,0.038832159132907905,0.030890145861636253,0.030890145861636253
wellness_metric_count,fatigue,16992,0.038832159132907905,0.030890145861636253,0.030890145861636253
fatigue,session_count,16992,0.08645247529920232,0.08627712796398575,0.08627712796398575
session_count,fatigue,16992,0.08645247529920232,0.08627712796398575,0.08627712796398575
fatigue,session_duration_minutes,16992,0.08821094768410288,0.08567416067717562,0.08567416067717562
session_duration_minutes,fatigue,16992,0.08821094768410288,0.08567416067717562,0.08567416067717562
fatigue,session_srpe,16992,0.07268943492951856,0.07558602356788592,0.07558602356788592
session_srpe,fatigue,16992,0.07268943492951856,0.07558602356788592,0.07558602356788592
fatigue,daily_load_sum_3d,16992,-0.0503944987163453,-0.05612011141973977,0.05612011141973977
daily_load_sum_3d,fatigue,16992,-0.0503944987163453,-0.05612011141973977,0.05612011141973977
fatigue,daily_load_sum_7d,16992,-0.041747137872812125,-0.04430307767401763,0.04430307767401763
daily_load_sum_7d,fatigue,16992,-0.041747137872812125,-0.04430307767401763,0.04430307767401763
fatigue,daily_load_sum_14d,16992,-0.03204714148794946,-0.03565335615718949,0.03565335615718949
daily_load_sum_14d,fatigue,16992,-0.03204714148794946,-0.03565335615718949,0.03565335615718949
fatigue,daily_load_sum_28d,16992,-0.030968413887100896,-0.031028966808819936,0.031028966808819936
daily_load_sum_28d,fatigue,16992,-0.030968413887100896,-0.031028966808819936,0.031028966808819936
fatigue,session_duration_sum_3d,16992,0.018319804510547644,0.01054857898367035,0.01054857898367035
session_duration_sum_3d,fatigue,16992,0.018319804510547644,0.01054857898367035,0.01054857898367035
fatigue,session_duration_sum_7d,16992,0.03019446927237686,0.02848233213754901,0.02848233213754901
session_duration_sum_7d,fatigue,16992,0.03019446927237686,0.02848233213754901,0.02848233213754901
fatigue,session_duration_sum_14d,16992,0.03670843476889953,0.0353392202182655,0.0353392202182655
session_duration_sum_14d,fatigue,16992,0.03670843476889953,0.0353392202182655,0.0353392202182655
fatigue,session_duration_sum_28d,16992,0.034487633541853156,0.03879176824458437,0.03879176824458437
session_duration_sum_28d,fatigue,16992,0.034487633541853156,0.03879176824458437,0.03879176824458437
fatigue,session_srpe_sum_3d,16992,-0.03934149304582493,-0.04829297319622852,0.04829297319622852
session_srpe_sum_3d,fatigue,16992,-0.03934149304582493,-0.04829297319622852,0.04829297319622852
fatigue,session_srpe_sum_7d,16992,-0.0272737913477825,-0.03347478274854602,0.03347478274854602
session_srpe_sum_7d,fatigue,16992,-0.0272737913477825,-0.03347478274854602,0.03347478274854602
fatigue,session_srpe_sum_14d,16992,-0.01690590907406978,-0.025815860090754775,0.025815860090754775
session_srpe_sum_14d,fatigue,16992,-0.01690590907406978,-0.025815860090754775,0.025815860090754775
fatigue,session_srpe_sum_28d,16992,-0.016524377106020775,-0.022371543014934627,0.022371543014934627
session_srpe_sum_28d,fatigue,16992,-0.016524377106020775,-0.022371543014934627,0.022371543014934627
fatigue,fatigue_mean_3d,16992,0.7971140982171153,0.7745800687080368,0.7745800687080368
fatigue_mean_3d,fatigue,16992,0.7971140982171153,0.7745800687080368,0.7745800687080368
fatigue,fatigue_mean_7d,16992,0.692193155744727,0.665658297980277,0.665658297980277
fatigue_mean_7d,fatigue,16992,0.692193155744727,0.665658297980277,0.665658297980277
fatigue,fatigue_mean_14d,16992,0.6422971007966859,0.6173936743643146,0.6173936743643146
fatigue_mean_14d,fatigue,16992,0.6422971007966859,0.6173936743643146,0.6173936743643146
fatigue,fatigue_mean_28d,16992,0.609055199063363,0.5878885470418536,0.5878885470418536
fatigue_mean_28d,fatigue,16992,0.609055199063363,0.5878885470418536,0.5878885470418536
fatigue,readiness_mean_3d,16991,0.3813076468629018,0.3793011819872621,0.3793011819872621
readiness_mean_3d,fatigue,16991,0.3813076468629018,0.3793011819872621,0.3793011819872621
fatigue,readiness_mean_7d,16991,0.3340618889627588,0.33205020377198874,0.33205020377198874
readiness_mean_7d,fatigue,16991,0.3340618889627588,0.33205020377198874,0.33205020377198874
fatigue,readiness_mean_14d,16991,0.3165091911183203,0.3101854368913907,0.3101854368913907
readiness_mean_14d,fatigue,16991,0.3165091911183203,0.3101854368913907,0.3101854368913907
fatigue,readiness_mean_28d,16991,0.3076030449746756,0.2964217239528247,0.2964217239528247
readiness_mean_28d,fatigue,16991,0.3076030449746756,0.2964217239528247,0.2964217239528247
fatigue,daily_load_baseline_mean_prior,16992,-0.19504621379562698,-0.22403283740734306,0.22403283740734306
daily_load_baseline_mean_prior,fatigue,16992,-0.19504621379562698,-0.22403283740734306,0.22403283740734306
fatigue,daily_load_zscore_prior,16938,0.09241845141708355,0.14422675198056642,0.14422675198056642
daily_load_zscore_prior,fatigue,16938,0.09241845141708355,0.14422675198056642,0.14422675198056642
fatigue,fatigue_baseline_mean_prior,16942,0.5149292525332323,0.5122686329575012,0.5122686329575012
fatigue_baseline_mean_prior,fatigue,16942,0.5149292525332323,0.5122686329575012,0.5122686329575012
fatigue,fatigue_zscore_prior,16806,0.7711395945779456,0.7649767783988899,0.7649767783988899
fatigue_zscore_prior,fatigue,16806,0.7711395945779456,0.7649767783988899,0.7649767783988899
fatigue,readiness_baseline_mean_prior,16941,0.2871945412450165,0.2712692085303167,0.2712692085303167
readiness_baseline_mean_prior,fatigue,16941,0.2871945412450165,0.2712692085303167,0.2712692085303167
fatigue,readiness_zscore_prior,16844,0.3150303240468723,0.32364602866789577,0.32364602866789577
readiness_zscore_prior,fatigue,16844,0.3150303240468723,0.32364602866789577,0.32364602866789577
fatigue,wellness_report_present,16992,,,
wellness_report_present,fatigue,16992,,,
fatigue,session_recorded,16992,0.08297397359594642,0.08104084977462384,0.08104084977462384
session_recorded,fatigue,16992,0.08297397359594642,0.08104084977462384,0.08104084977462384
fatigue,daily_load_log1p,16992,0.08466714152576149,0.07057985114100153,0.07057985114100153
daily_load_log1p,fatigue,16992,0.08466714152576149,0.07057985114100153,0.07057985114100153
fatigue,session_duration_minutes_log1p,16992,0.08711649529458138,0.08567416067717562,0.08567416067717562
session_duration_minutes_log1p,fatigue,16992,0.08711649529458138,0.08567416067717562,0.08567416067717562
fatigue,session_srpe_log1p,16992,0.08592120301511615,0.07558602356788592,0.07558602356788592
session_srpe_log1p,fatigue,16992,0.08592120301511615,0.07558602356788592,0.07558602356788592
fatigue,daily_load_sum_3d_log1p,16992,0.009280319525128734,-0.05612011141973977,0.05612011141973977
daily_load_sum_3d_log1p,fatigue,16992,0.009280319525128734,-0.05612011141973977,0.05612011141973977
fatigue,daily_load_sum_7d_log1p,16992,0.0047463321777381695,-0.04430307767401763,0.04430307767401763
daily_load_sum_7d_log1p,fatigue,16992,0.0047463321777381695,-0.04430307767401763,0.04430307767401763
fatigue,daily_load_sum_14d_log1p,16992,0.0037138893729798668,-0.03565335615718949,0.03565335615718949
daily_load_sum_14d_log1p,fatigue,16992,0.0037138893729798668,-0.03565335615718949,0.03565335615718949
fatigue,daily_load_sum_28d_log1p,16992,-0.008074129812725598,-0.031028966808819936,0.031028966808819936
daily_load_sum_28d_log1p,fatigue,16992,-0.008074129812725598,-0.031028966808819936,0.031028966808819936
fatigue,session_duration_sum_3d_log1p,16992,0.030372118231412382,0.01054857898367035,0.01054857898367035
session_duration_sum_3d_log1p,fatigue,16992,0.030372118231412382,0.01054857898367035,0.01054857898367035
fatigue,session_duration_sum_7d_log1p,16992,0.029156805276713174,0.02848233213754901,0.02848233213754901
session_duration_sum_7d_log1p,fatigue,16992,0.029156805276713174,0.02848233213754901,0.02848233213754901
fatigue,session_duration_sum_14d_log1p,16992,0.030841137678048042,0.0353392202182655,0.0353392202182655
session_duration_sum_14d_log1p,fatigue,16992,0.030841137678048042,0.0353392202182655,0.0353392202182655
fatigue,session_duration_sum_28d_log1p,16992,0.021660876577608935,0.03879176824458437,0.03879176824458437
session_duration_sum_28d_log1p,fatigue,16992,0.021660876577608935,0.03879176824458437,0.03879176824458437
fatigue,session_srpe_sum_3d_log1p,16992,0.01179190492699625,-0.04829297319622852,0.04829297319622852
session_srpe_sum_3d_log1p,fatigue,16992,0.01179190492699625,-0.04829297319622852,0.04829297319622852
fatigue,session_srpe_sum_7d_log1p,16992,0.008321173259613944,-0.03347478274854602,0.03347478274854602
session_srpe_sum_7d_log1p,fatigue,16992,0.008321173259613944,-0.03347478274854602,0.03347478274854602
fatigue,session_srpe_sum_14d_log1p,16992,0.008014931706776538,-0.025815860090754775,0.025815860090754775
session_srpe_sum_14d_log1p,fatigue,16992,0.008014931706776538,-0.025815860090754775,0.025815860090754775
fatigue,session_srpe_sum_28d_log1p,16992,-0.003482290676793928,-0.022371543014934627,0.022371543014934627
session_srpe_sum_28d_log1p,fatigue,16992,-0.003482290676793928,-0.022371543014934627,0.022371543014934627
readiness,readiness,16997,1.0,1.0,1.0
readiness,wellness_metric_count,16997,0.04068143441743642,0.02838648521827606,0.02838648521827606
wellness_metric_count,readiness,16997,0.04068143441743642,0.02838648521827606,0.02838648521827606
readiness,session_count,16997,0.1521842111003917,0.1447001823357952,0.1447001823357952
session_count,readiness,16997,0.1521842111003917,0.1447001823357952,0.1447001823357952
readiness,session_duration_minutes,16997,0.16963545490444173,0.16577338017573534,0.16577338017573534
session_duration_minutes,readiness,16997,0.16963545490444173,0.16577338017573534,0.16577338017573534
readiness,session_srpe,16997,0.17850126887095938,0.17340816778527102,0.17340816778527102
session_srpe,readiness,16997,0.17850126887095938,0.17340816778527102,0.17340816778527102
readiness,daily_load_sum_3d,16997,0.05029089092628339,0.017963610637903686,0.017963610637903686
daily_load_sum_3d,readiness,16997,0.05029089092628339,0.017963610637903686,0.017963610637903686
readiness,daily_load_sum_7d,16997,0.06686164720960129,0.027508619325458696,0.027508619325458696
daily_load_sum_7d,readiness,16997,0.06686164720960129,0.027508619325458696,0.027508619325458696
readiness,daily_load_sum_14d,16997,0.05952875751367658,0.028289885472036782,0.028289885472036782
daily_load_sum_14d,readiness,16997,0.05952875751367658,0.028289885472036782,0.028289885472036782
readiness,daily_load_sum_28d,16997,0.04254553445145251,0.02060204595464034,0.02060204595464034
daily_load_sum_28d,readiness,16997,0.04254553445145251,0.02060204595464034,0.02060204595464034
readiness,session_duration_sum_3d,16997,0.10013035184158044,0.07164887478106474,0.07164887478106474
session_duration_sum_3d,readiness,16997,0.10013035184158044,0.07164887478106474,0.07164887478106474
readiness,session_duration_sum_7d,16997,0.1103816120393341,0.08175150479191953,0.08175150479191953
session_duration_sum_7d,readiness,16997,0.1103816120393341,0.08175150479191953,0.08175150479191953
readiness,session_duration_sum_14d,16997,0.10021453968555087,0.08240758297722628,0.08240758297722628
session_duration_sum_14d,readiness,16997,0.10021453968555087,0.08240758297722628,0.08240758297722628
readiness,session_duration_sum_28d,16997,0.08255647495659461,0.07616308542658379,0.07616308542658379
session_duration_sum_28d,readiness,16997,0.08255647495659461,0.07616308542658379,0.07616308542658379
readiness,session_srpe_sum_3d,16997,0.06429928560024109,0.029308899749543375,0.029308899749543375
session_srpe_sum_3d,readiness,16997,0.06429928560024109,0.029308899749543375,0.029308899749543375
readiness,session_srpe_sum_7d,16997,0.08434484924458747,0.043262320314973936,0.043262320314973936
session_srpe_sum_7d,readiness,16997,0.08434484924458747,0.043262320314973936,0.043262320314973936
readiness,session_srpe_sum_14d,16997,0.07873982389878242,0.04436821186951454,0.04436821186951454
session_srpe_sum_14d,readiness,16997,0.07873982389878242,0.04436821186951454,0.04436821186951454
readiness,session_srpe_sum_28d,16997,0.0617064642555444,0.03626267072736929,0.03626267072736929
session_srpe_sum_28d,readiness,16997,0.0617064642555444,0.03626267072736929,0.03626267072736929
readiness,fatigue_mean_3d,16996,0.43205570235129914,0.43014661108446267,0.43014661108446267
fatigue_mean_3d,readiness,16996,0.43205570235129914,0.43014661108446267,0.43014661108446267
readiness,fatigue_mean_7d,16996,0.4033721309556161,0.4037396301478286,0.4037396301478286
fatigue_mean_7d,readiness,16996,0.4033721309556161,0.4037396301478286,0.4037396301478286
readiness,fatigue_mean_14d,16997,0.3898741904493322,0.39226343606678304,0.39226343606678304
fatigue_mean_14d,readiness,16997,0.3898741904493322,0.39226343606678304,0.39226343606678304
readiness,fatigue_mean_28d,16997,0.3799828101024427,0.3835804445690554,0.3835804445690554
fatigue_mean_28d,readiness,16997,0.3799828101024427,0.3835804445690554,0.3835804445690554
readiness,readiness_mean_3d,16997,0.867132767862324,0.8544819563764325,0.8544819563764325
readiness_mean_3d,readiness,16997,0.867132767862324,0.8544819563764325,0.8544819563764325
readiness,readiness_mean_7d,16997,0.7993141310692236,0.7862035358375423,0.7862035358375423
readiness_mean_7d,readiness,16997,0.7993141310692236,0.7862035358375423,0.7862035358375423
readiness,readiness_mean_14d,16997,0.75556459442313,0.747605171353791,0.747605171353791
readiness_mean_14d,readiness,16997,0.75556459442313,0.747605171353791,0.747605171353791
readiness,readiness_mean_28d,16997,0.7207682453582847,0.7158199534768513,0.7158199534768513
readiness_mean_28d,readiness,16997,0.7207682453582847,0.7158199534768513,0.7158199534768513
readiness,daily_load_baseline_mean_prior,16997,-0.10225873915091031,-0.10311691483686976,0.10311691483686976
daily_load_baseline_mean_prior,readiness,16997,-0.10225873915091031,-0.10311691483686976,0.10311691483686976
readiness,daily_load_zscore_prior,16944,0.12620050414333603,0.18947037878477763,0.18947037878477763
daily_load_zscore_prior,readiness,16944,0.12620050414333603,0.18947037878477763,0.18947037878477763
readiness,fatigue_baseline_mean_prior,16948,0.3208075176446747,0.34217244640687805,0.34217244640687805
fatigue_baseline_mean_prior,readiness,16948,0.3208075176446747,0.34217244640687805,0.34217244640687805
readiness,fatigue_zscore_prior,16798,0.3363449347397587,0.29378509324191593,0.29378509324191593
fatigue_zscore_prior,readiness,16798,0.3363449347397587,0.29378509324191593,0.29378509324191593
readiness,readiness_baseline_mean_prior,16947,0.5720566856608735,0.60855877023089,0.60855877023089
readiness_baseline_mean_prior,readiness,16947,0.5720566856608735,0.60855877023089,0.60855877023089
readiness,readiness_zscore_prior,16858,0.707675431465723,0.6757037253017465,0.6757037253017465
readiness_zscore_prior,readiness,16858,0.707675431465723,0.6757037253017465,0.6757037253017465
readiness,wellness_report_present,16997,,,
wellness_report_present,readiness,16997,,,
readiness,session_recorded,16997,0.15678268628032282,0.13969126503764975,0.13969126503764975
session_recorded,readiness,16997,0.15678268628032282,0.13969126503764975,0.13969126503764975
readiness,daily_load_log1p,16997,0.17306327286004555,0.16639322550238986,0.16639322550238986
daily_load_log1p,readiness,16997,0.17306327286004555,0.16639322550238986,0.16639322550238986
readiness,session_duration_minutes_log1p,16997,0.1671918611631315,0.16577338017573534,0.16577338017573534
session_duration_minutes_log1p,readiness,16997,0.1671918611631315,0.16577338017573534,0.16577338017573534
readiness,session_srpe_log1p,16997,0.17459937425171634,0.17340816778527102,0.17340816778527102
session_srpe_log1p,readiness,16997,0.17459937425171634,0.17340816778527102,0.17340816778527102
readiness,daily_load_sum_3d_log1p,16997,0.10889085229093826,0.017963610637903686,0.017963610637903686
daily_load_sum_3d_log1p,readiness,16997,0.10889085229093826,0.017963610637903686,0.017963610637903686
readiness,daily_load_sum_7d_log1p,16997,0.09542632212279939,0.027508619325458696,0.027508619325458696
daily_load_sum_7d_log1p,readiness,16997,0.09542632212279939,0.027508619325458696,0.027508619325458696
readiness,daily_load_sum_14d_log1p,16997,0.0666717239990747,0.028289885472036782,0.028289885472036782
daily_load_sum_14d_log1p,readiness,16997,0.0666717239990747,0.028289885472036782,0.028289885472036782
readiness,daily_load_sum_28d_log1p,16997,0.03016698624020244,0.02060204595464034,0.02060204595464034
daily_load_sum_28d_log1p,readiness,16997,0.03016698624020244,0.02060204595464034,0.02060204595464034
readiness,session_duration_sum_3d_log1p,16997,0.12259695650690147,0.07164887478106474,0.07164887478106474
session_duration_sum_3d_log1p,readiness,16997,0.12259695650690147,0.07164887478106474,0.07164887478106474
readiness,session_duration_sum_7d_log1p,16997,0.10884251784479441,0.08175150479191953,0.08175150479191953
session_duration_sum_7d_log1p,readiness,16997,0.10884251784479441,0.08175150479191953,0.08175150479191953
readiness,session_duration_sum_14d_log1p,16997,0.08120367144302607,0.08240758297722628,0.08240758297722628
session_duration_sum_14d_log1p,readiness,16997,0.08120367144302607,0.08240758297722628,0.08240758297722628
readiness,session_duration_sum_28d_log1p,16997,0.04717984516622283,0.07616308542658379,0.07616308542658379
session_duration_sum_28d_log1p,readiness,16997,0.04717984516622283,0.07616308542658379,0.07616308542658379
readiness,session_srpe_sum_3d_log1p,16997,0.11198567883379615,0.029308899749543375,0.029308899749543375
session_srpe_sum_3d_log1p,readiness,16997,0.11198567883379615,0.029308899749543375,0.029308899749543375
readiness,session_srpe_sum_7d_log1p,16997,0.09977550940101411,0.043262320314973936,0.043262320314973936
session_srpe_sum_7d_log1p,readiness,16997,0.09977550940101411,0.043262320314973936,0.043262320314973936
readiness,session_srpe_sum_14d_log1p,16997,0.07210058800976284,0.04436821186951454,0.04436821186951454
session_srpe_sum_14d_log1p,readiness,16997,0.07210058800976284,0.04436821186951454,0.04436821186951454
readiness,session_srpe_sum_28d_log1p,16997,0.03639408565885648,0.03626267072736929,0.03626267072736929
session_srpe_sum_28d_log1p,readiness,16997,0.03639408565885648,0.03626267072736929,0.03626267072736929
wellness_metric_count,wellness_metric_count,36550,1.0,1.0,1.0
wellness_metric_count,session_count,36550,0.6109612056966591,0.6515658366835234,0.6515658366835234
session_count,wellness_metric_count,36550,0.6109612056966591,0.6515658366835234,0.6515658366835234
wellness_metric_count,session_duration_minutes,36550,0.5909122424597484,0.6368797981223615,0.6368797981223615
session_duration_minutes,wellness_metric_count,36550,0.5909122424597484,0.6368797981223615,0.6368797981223615
wellness_metric_count,session_srpe,36550,0.5419560962885368,0.6345875596665915,0.6345875596665915
session_srpe,wellness_metric_count,36550,0.5419560962885368,0.6345875596665915,0.6345875596665915
wellness_metric_count,daily_load_sum_3d,36550,0.6753548905721497,0.7384545322865549,0.7384545322865549
daily_load_sum_3d,wellness_metric_count,36550,0.6753548905721497,0.7384545322865549,0.7384545322865549
wellness_metric_count,daily_load_sum_7d,36550,0.7222454861597618,0.7480256139123176,0.7480256139123176
daily_load_sum_7d,wellness_metric_count,36550,0.7222454861597618,0.7480256139123176,0.7480256139123176
wellness_metric_count,daily_load_sum_14d,36550,0.7242291862226021,0.7398190263540436,0.7398190263540436
daily_load_sum_14d,wellness_metric_count,36550,0.7242291862226021,0.7398190263540436,0.7398190263540436
wellness_metric_count,daily_load_sum_28d,36550,0.7098330542209873,0.7223323007197566,0.7223323007197566
daily_load_sum_28d,wellness_metric_count,36550,0.7098330542209873,0.7223323007197566,0.7223323007197566
wellness_metric_count,session_duration_sum_3d,36550,0.6990746475667241,0.7434748859279589,0.7434748859279589
session_duration_sum_3d,wellness_metric_count,36550,0.6990746475667241,0.7434748859279589,0.7434748859279589
wellness_metric_count,session_duration_sum_7d,36550,0.7364137071433081,0.752999918025736,0.752999918025736
session_duration_sum_7d,wellness_metric_count,36550,0.7364137071433081,0.752999918025736,0.752999918025736
wellness_metric_count,session_duration_sum_14d,36550,0.7341592142469996,0.744724942075905,0.744724942075905
session_duration_sum_14d,wellness_metric_count,36550,0.7341592142469996,0.744724942075905,0.744724942075905
wellness_metric_count,session_duration_sum_28d,36550,0.7165021546547228,0.7260338635807444,0.7260338635807444
session_duration_sum_28d,wellness_metric_count,36550,0.7165021546547228,0.7260338635807444,0.7260338635807444
wellness_metric_count,session_srpe_sum_3d,36550,0.6757080675220553,0.7376194408436295,0.7376194408436295
session_srpe_sum_3d,wellness_metric_count,36550,0.6757080675220553,0.7376194408436295,0.7376194408436295
wellness_metric_count,session_srpe_sum_7d,36550,0.722118201005358,0.7468318171168977,0.7468318171168977
session_srpe_sum_7d,wellness_metric_count,36550,0.722118201005358,0.7468318171168977,0.7468318171168977
wellness_metric_count,session_srpe_sum_14d,36550,0.724308971097381,0.7386055716517558,0.7386055716517558
session_srpe_sum_14d,wellness_metric_count,36550,0.724308971097381,0.7386055716517558,0.7386055716517558
wellness_metric_count,session_srpe_sum_28d,36550,0.7100955923109248,0.7213856761826952,0.7213856761826952
session_srpe_sum_28d,wellness_metric_count,36550,0.7100955923109248,0.7213856761826952,0.7213856761826952
wellness_metric_count,fatigue_mean_3d,20188,-0.0037569541724561703,-0.007537000808692641,0.007537000808692641
fatigue_mean_3d,wellness_metric_count,20188,-0.0037569541724561703,-0.007537000808692641,0.007537000808692641
wellness_metric_count,fatigue_mean_7d,21477,-0.003762952349220761,-0.006662000149520014,0.006662000149520014
fatigue_mean_7d,wellness_metric_count,21477,-0.003762952349220761,-0.006662000149520014,0.006662000149520014
wellness_metric_count,fatigue_mean_14d,22572,0.01058712045497507,0.003316928356411193,0.003316928356411193
fatigue_mean_14d,wellness_metric_count,22572,0.01058712045497507,0.003316928356411193,0.003316928356411193
wellness_metric_count,fatigue_mean_28d,23819,0.02058508651169054,0.013284248673199871,0.013284248673199871
fatigue_mean_28d,wellness_metric_count,23819,0.02058508651169054,0.013284248673199871,0.013284248673199871
wellness_metric_count,readiness_mean_3d,20190,0.013677081882934374,0.017520406181011108,0.017520406181011108
readiness_mean_3d,wellness_metric_count,20190,0.013677081882934374,0.017520406181011108,0.017520406181011108
wellness_metric_count,readiness_mean_7d,21480,0.02104118482633402,0.031820487513434366,0.031820487513434366
readiness_mean_7d,wellness_metric_count,21480,0.02104118482633402,0.031820487513434366,0.031820487513434366
wellness_metric_count,readiness_mean_14d,22579,0.03304016860591492,0.04488679210175921,0.04488679210175921
readiness_mean_14d,wellness_metric_count,22579,0.03304016860591492,0.04488679210175921,0.04488679210175921
wellness_metric_count,readiness_mean_28d,23815,0.03944207951905247,0.059742108618772036,0.059742108618772036
readiness_mean_28d,wellness_metric_count,23815,0.03944207951905247,0.059742108618772036,0.059742108618772036
wellness_metric_count,daily_load_baseline_mean_prior,36500,0.5487937352888056,0.5742341336799125,0.5742341336799125
daily_load_baseline_mean_prior,wellness_metric_count,36500,0.5487937352888056,0.5742341336799125,0.5742341336799125
wellness_metric_count,daily_load_zscore_prior,27598,0.2444976527120754,0.3412144095488976,0.3412144095488976
daily_load_zscore_prior,wellness_metric_count,27598,0.2444976527120754,0.3412144095488976,0.3412144095488976
wellness_metric_count,fatigue_baseline_mean_prior,27327,0.023522343404194235,-0.0004258903153033645,0.0004258903153033645
fatigue_baseline_mean_prior,wellness_metric_count,27327,0.023522343404194235,-0.0004258903153033645,0.0004258903153033645
wellness_metric_count,fatigue_zscore_prior,16806,0.03119924007487273,0.02092129234253925,0.02092129234253925
fatigue_zscore_prior,wellness_metric_count,16806,0.03119924007487273,0.02092129234253925,0.02092129234253925
wellness_metric_count,readiness_baseline_mean_prior,27323,-0.028067615793596113,-0.012155095187986468,0.012155095187986468
readiness_baseline_mean_prior,wellness_metric_count,27323,-0.028067615793596113,-0.012155095187986468,0.012155095187986468
wellness_metric_count,readiness_zscore_prior,16858,0.028772026842042477,0.02972323270656118,0.02972323270656118
readiness_zscore_prior,wellness_metric_count,16858,0.028772026842042477,0.02972323270656118,0.02972323270656118
wellness_metric_count,wellness_report_present,36550,0.9997882624877303,0.9990886318307903,0.9990886318307903
wellness_report_present,wellness_metric_count,36550,0.9997882624877303,0.9990886318307903,0.9990886318307903
wellness_metric_count,session_recorded,36550,0.6600502092738398,0.659956380464841,0.659956380464841
session_recorded,wellness_metric_count,36550,0.6600502092738398,0.659956380464841,0.659956380464841
wellness_metric_count,daily_load_log1p,36550,0.6542400937254834,0.635031298397117,0.635031298397117
daily_load_log1p,wellness_metric_count,36550,0.6542400937254834,0.635031298397117,0.635031298397117
wellness_metric_count,session_duration_minutes_log1p,36550,0.6560255158066115,0.6368797981223615,0.6368797981223615
session_duration_minutes_log1p,wellness_metric_count,36550,0.6560255158066115,0.6368797981223615,0.6368797981223615
wellness_metric_count,session_srpe_log1p,36550,0.654094954205092,0.6345875596665915,0.6345875596665915
session_srpe_log1p,wellness_metric_count,36550,0.654094954205092,0.6345875596665915,0.6345875596665915
wellness_metric_count,daily_load_sum_3d_log1p,36550,0.7783777906658714,0.7384545322865549,0.7384545322865549
daily_load_sum_3d_log1p,wellness_metric_count,36550,0.7783777906658714,0.7384545322865549,0.7384545322865549
wellness_metric_count,daily_load_sum_7d_log1p,36550,0.7748976199110197,0.7480256139123176,0.7480256139123176
daily_load_sum_7d_log1p,wellness_metric_count,36550,0.7748976199110197,0.7480256139123176,0.7480256139123176
wellness_metric_count,daily_load_sum_14d_log1p,36550,0.7506819353207955,0.7398190263540436,0.7398190263540436
daily_load_sum_14d_log1p,wellness_metric_count,36550,0.7506819353207955,0.7398190263540436,0.7398190263540436
wellness_metric_count,daily_load_sum_28d_log1p,36550,0.7141725780810427,0.7223323007197566,0.7223323007197566
daily_load_sum_28d_log1p,wellness_metric_count,36550,0.7141725780810427,0.7223323007197566,0.7223323007197566
wellness_metric_count,session_duration_sum_3d_log1p,36550,0.780103886963144,0.7434748859279589,0.7434748859279589
session_duration_sum_3d_log1p,wellness_metric_count,36550,0.780103886963144,0.7434748859279589,0.7434748859279589
wellness_metric_count,session_duration_sum_7d_log1p,36550,0.7790065488945294,0.752999918025736,0.752999918025736
session_duration_sum_7d_log1p,wellness_metric_count,36550,0.7790065488945294,0.752999918025736,0.752999918025736
wellness_metric_count,session_duration_sum_14d_log1p,36550,0.7566746354841357,0.744724942075905,0.744724942075905
session_duration_sum_14d_log1p,wellness_metric_count,36550,0.7566746354841357,0.744724942075905,0.744724942075905
wellness_metric_count,session_duration_sum_28d_log1p,36550,0.7216499634717243,0.7260338635807444,0.7260338635807444
session_duration_sum_28d_log1p,wellness_metric_count,36550,0.7216499634717243,0.7260338635807444,0.7260338635807444
wellness_metric_count,session_srpe_sum_3d_log1p,36550,0.7781766803405923,0.7376194408436295,0.7376194408436295
session_srpe_sum_3d_log1p,wellness_metric_count,36550,0.7781766803405923,0.7376194408436295,0.7376194408436295
wellness_metric_count,session_srpe_sum_7d_log1p,36550,0.7746274964240807,0.7468318171168977,0.7468318171168977
session_srpe_sum_7d_log1p,wellness_metric_count,36550,0.7746274964240807,0.7468318171168977,0.7468318171168977
wellness_metric_count,session_srpe_sum_14d_log1p,36550,0.7503937011242284,0.7386055716517558,0.7386055716517558
session_srpe_sum_14d_log1p,wellness_metric_count,36550,0.7503937011242284,0.7386055716517558,0.7386055716517558
wellness_metric_count,session_srpe_sum_28d_log1p,36550,0.7138968698946088,0.7213856761826952,0.7213856761826952
session_srpe_sum_28d_log1p,wellness_metric_count,36550,0.7138968698946088,0.7213856761826952,0.7213856761826952
session_count,session_count,36550,1.0,1.0,1.0
session_count,session_duration_minutes,36550,0.9412807645640439,0.9731100751507474,0.9731100751507474
session_duration_minutes,session_count,36550,0.9412807645640439,0.9731100751507474,0.9731100751507474
session_count,session_srpe,36550,0.8570608628614088,0.9656577670623063,0.9656577670623063
session_srpe,session_count,36550,0.8570608628614088,0.9656577670623063,0.9656577670623063
session_count,daily_load_sum_3d,36550,0.7261236746201606,0.7742789738703144,0.7742789738703144
daily_load_sum_3d,session_count,36550,0.7261236746201606,0.7742789738703144,0.7742789738703144
session_count,daily_load_sum_7d,36550,0.684055529605967,0.7250019508659987,0.7250019508659987
daily_load_sum_7d,session_count,36550,0.684055529605967,0.7250019508659987,0.7250019508659987
session_count,daily_load_sum_14d,36550,0.6552676884107416,0.6942105326994602,0.6942105326994602
daily_load_sum_14d,session_count,36550,0.6552676884107416,0.6942105326994602,0.6942105326994602
session_count,daily_load_sum_28d,36550,0.6216279550803314,0.6626463644417339,0.6626463644417339
daily_load_sum_28d,session_count,36550,0.6216279550803314,0.6626463644417339,0.6626463644417339
session_count,session_duration_sum_3d,36550,0.7730044250401616,0.8007593322478563,0.8007593322478563
session_duration_sum_3d,session_count,36550,0.7730044250401616,0.8007593322478563,0.8007593322478563
session_count,session_duration_sum_7d,36550,0.7126744806354407,0.7445877490242014,0.7445877490242014
session_duration_sum_7d,session_count,36550,0.7126744806354407,0.7445877490242014,0.7445877490242014
session_count,session_duration_sum_14d,36550,0.6778207692710267,0.7106516130767332,0.7106516130767332
session_duration_sum_14d,session_count,36550,0.6778207692710267,0.7106516130767332,0.7106516130767332
session_count,session_duration_sum_28d,36550,0.6411385149604863,0.6770108460855709,0.6770108460855709
session_duration_sum_28d,session_count,36550,0.6411385149604863,0.6770108460855709,0.6770108460855709
session_count,session_srpe_sum_3d,36550,0.729363020030588,0.7745958854299005,0.7745958854299005
session_srpe_sum_3d,session_count,36550,0.729363020030588,0.7745958854299005,0.7745958854299005
session_count,session_srpe_sum_7d,36550,0.6869568843670258,0.7257966399889951,0.7257966399889951
session_srpe_sum_7d,session_count,36550,0.6869568843670258,0.7257966399889951,0.7257966399889951
session_count,session_srpe_sum_14d,36550,0.6583409917734212,0.6951353391627709,0.6951353391627709
session_srpe_sum_14d,session_count,36550,0.6583409917734212,0.6951353391627709,0.6951353391627709
session_count,session_srpe_sum_28d,36550,0.6247647394056637,0.663674910966878,0.663674910966878
session_srpe_sum_28d,session_count,36550,0.6247647394056637,0.663674910966878,0.663674910966878
session_count,fatigue_mean_3d,20188,0.06207164622279176,0.058385182125764254,0.058385182125764254
fatigue_mean_3d,session_count,20188,0.06207164622279176,0.058385182125764254,0.058385182125764254
session_count,fatigue_mean_7d,21477,0.05905601137880919,0.05844067428336888,0.05844067428336888
fatigue_mean_7d,session_count,21477,0.05905601137880919,0.05844067428336888,0.05844067428336888
session_count,fatigue_mean_14d,22572,0.05924113606099538,0.05683661467462012,0.05683661467462012
fatigue_mean_14d,session_count,22572,0.05924113606099538,0.05683661467462012,0.05683661467462012
session_count,fatigue_mean_28d,23819,0.06267639860835018,0.057892401296329825,0.057892401296329825
fatigue_mean_28d,session_count,23819,0.06267639860835018,0.057892401296329825,0.057892401296329825
session_count,readiness_mean_3d,20190,0.09569590042500052,0.08663495893928995,0.08663495893928995
readiness_mean_3d,session_count,20190,0.09569590042500052,0.08663495893928995,0.08663495893928995
session_count,readiness_mean_7d,21480,0.08377361535031394,0.08260623840623538,0.08260623840623538
readiness_mean_7d,session_count,21480,0.08377361535031394,0.08260623840623538,0.08260623840623538
session_count,readiness_mean_14d,22579,0.07724835041411869,0.0821536917957041,0.0821536917957041
readiness_mean_14d,session_count,22579,0.07724835041411869,0.0821536917957041,0.0821536917957041
session_count,readiness_mean_28d,23815,0.06996588475896558,0.08011072457013287,0.08011072457013287
readiness_mean_28d,session_count,23815,0.06996588475896558,0.08011072457013287,0.08011072457013287
session_count,daily_load_baseline_mean_prior,36500,0.42543294707217544,0.48177881685853025,0.48177881685853025
daily_load_baseline_mean_prior,session_count,36500,0.42543294707217544,0.48177881685853025,0.48177881685853025
session_count,daily_load_zscore_prior,27598,0.5369125932716163,0.7919217569440257,0.7919217569440257
daily_load_zscore_prior,session_count,27598,0.5369125932716163,0.7919217569440257,0.7919217569440257
session_count,fatigue_baseline_mean_prior,27327,0.05516315981776988,0.03679622196746177,0.03679622196746177
fatigue_baseline_mean_prior,session_count,27327,0.05516315981776988,0.03679622196746177,0.03679622196746177
session_count,fatigue_zscore_prior,16806,0.08036201500169848,0.0620072108484616,0.0620072108484616
fatigue_zscore_prior,session_count,16806,0.08036201500169848,0.0620072108484616,0.0620072108484616
session_count,readiness_baseline_mean_prior,27323,-0.0016354861812346328,0.006080604350139467,0.006080604350139467
readiness_baseline_mean_prior,session_count,27323,-0.0016354861812346328,0.006080604350139467,0.006080604350139467
session_count,readiness_zscore_prior,16858,0.16552802893154192,0.15176566884409332,0.15176566884409332
readiness_zscore_prior,session_count,16858,0.16552802893154192,0.15176566884409332,0.15176566884409332
session_count,wellness_report_present,36550,0.6109917706376429,0.6516555040291678,0.6516555040291678
wellness_report_present,session_count,36550,0.6109917706376429,0.6516555040291678,0.6516555040291678
session_count,session_recorded,36550,0.9222409216344385,0.9855756719590928,0.9855756719590928
session_recorded,session_count,36550,0.9222409216344385,0.9855756719590928,0.9855756719590928
session_count,daily_load_log1p,36550,0.9319279839037184,0.9654114924366508,0.9654114924366508
daily_load_log1p,session_count,36550,0.9319279839037184,0.9654114924366508,0.9654114924366508
session_count,session_duration_minutes_log1p,36550,0.9403599198986291,0.9731100751507474,0.9731100751507474
session_duration_minutes_log1p,session_count,36550,0.9403599198986291,0.9731100751507474,0.9731100751507474
session_count,session_srpe_log1p,36550,0.9321953371007493,0.9656577670623063,0.9656577670623063
session_srpe_log1p,session_count,36550,0.9321953371007493,0.9656577670623063,0.9656577670623063
session_count,daily_load_sum_3d_log1p,36550,0.717125186057874,0.7742789738703144,0.7742789738703144
daily_load_sum_3d_log1p,session_count,36550,0.717125186057874,0.7742789738703144,0.7742789738703144
session_count,daily_load_sum_7d_log1p,36550,0.6571979723249374,0.7250019508659987,0.7250019508659987
daily_load_sum_7d_log1p,session_count,36550,0.6571979723249374,0.7250019508659987,0.7250019508659987
session_count,daily_load_sum_14d_log1p,36550,0.6185276570611129,0.6942105326994602,0.6942105326994602
daily_load_sum_14d_log1p,session_count,36550,0.6185276570611129,0.6942105326994602,0.6942105326994602
session_count,daily_load_sum_28d_log1p,36550,0.5793324494101165,0.6626463644417339,0.6626463644417339
daily_load_sum_28d_log1p,session_count,36550,0.5793324494101165,0.6626463644417339,0.6626463644417339
session_count,session_duration_sum_3d_log1p,36550,0.7299291185337288,0.8007593322478563,0.8007593322478563
session_duration_sum_3d_log1p,session_count,36550,0.7299291185337288,0.8007593322478563,0.8007593322478563
session_count,session_duration_sum_7d_log1p,36550,0.6674154808443432,0.7445877490242014,0.7445877490242014
session_duration_sum_7d_log1p,session_count,36550,0.6674154808443432,0.7445877490242014,0.7445877490242014
session_count,session_duration_sum_14d_log1p,36550,0.6286377320606278,0.7106516130767332,0.7106516130767332
session_duration_sum_14d_log1p,session_count,36550,0.6286377320606278,0.7106516130767332,0.7106516130767332
session_count,session_duration_sum_28d_log1p,36550,0.5895402346726694,0.6770108460855709,0.6770108460855709
session_duration_sum_28d_log1p,session_count,36550,0.5895402346726694,0.6770108460855709,0.6770108460855709
session_count,session_srpe_sum_3d_log1p,36550,0.7172197371139123,0.7745958854299005,0.7745958854299005
session_srpe_sum_3d_log1p,session_count,36550,0.7172197371139123,0.7745958854299005,0.7745958854299005
session_count,session_srpe_sum_7d_log1p,36550,0.657305515587191,0.7257966399889951,0.7257966399889951
session_srpe_sum_7d_log1p,session_count,36550,0.657305515587191,0.7257966399889951,0.7257966399889951
session_count,session_srpe_sum_14d_log1p,36550,0.618606634275027,0.6951353391627709,0.6951353391627709
session_srpe_sum_14d_log1p,session_count,36550,0.618606634275027,0.6951353391627709,0.6951353391627709
session_count,session_srpe_sum_28d_log1p,36550,0.5794038306936355,0.663674910966878,0.663674910966878
session_srpe_sum_28d_log1p,session_count,36550,0.5794038306936355,0.663674910966878,0.663674910966878
session_duration_minutes,session_duration_minutes,36550,1.0,1.0,1.0
session_duration_minutes,session_srpe,36550,0.9464210191540368,0.9879933785285309,0.9879933785285309
session_srpe,session_duration_minutes,36550,0.9464210191540368,0.9879933785285309,0.9879933785285309
session_duration_minutes,daily_load_sum_3d,36550,0.7543159480715407,0.782732226695208,0.782732226695208
daily_load_sum_3d,session_duration_minutes,36550,0.7543159480715407,0.782732226695208,0.782732226695208
session_duration_minutes,daily_load_sum_7d,36550,0.6930329831453997,0.7278194051109371,0.7278194051109371
daily_load_sum_7d,session_duration_minutes,36550,0.6930329831453997,0.7278194051109371,0.7278194051109371
session_duration_minutes,daily_load_sum_14d,36550,0.6554675442878047,0.6930861348794357,0.6930861348794357
daily_load_sum_14d,session_duration_minutes,36550,0.6554675442878047,0.6930861348794357,0.6930861348794357
session_duration_minutes,daily_load_sum_28d,36550,0.6176212706160676,0.6591994083968208,0.6591994083968208
daily_load_sum_28d,session_duration_minutes,36550,0.6176212706160676,0.6591994083968208,0.6591994083968208
session_duration_minutes,session_duration_sum_3d,36550,0.7871097478745152,0.8041112048094878,0.8041112048094878
session_duration_sum_3d,session_duration_minutes,36550,0.7871097478745152,0.8041112048094878,0.8041112048094878
session_duration_minutes,session_duration_sum_7d,36550,0.7120397586689955,0.7431334745467548,0.7431334745467548
session_duration_sum_7d,session_duration_minutes,36550,0.7120397586689955,0.7431334745467548,0.7431334745467548
session_duration_minutes,session_duration_sum_14d,36550,0.6707095035220338,0.705823971940978,0.705823971940978
session_duration_sum_14d,session_duration_minutes,36550,0.6707095035220338,0.705823971940978,0.705823971940978
session_duration_minutes,session_duration_sum_28d,36550,0.6313981220380546,0.670577926583973,0.670577926583973
session_duration_sum_28d,session_duration_minutes,36550,0.6313981220380546,0.670577926583973,0.670577926583973
session_duration_minutes,session_srpe_sum_3d,36550,0.7581048104257486,0.7834921573555427,0.7834921573555427
session_srpe_sum_3d,session_duration_minutes,36550,0.7581048104257486,0.7834921573555427,0.7834921573555427
session_duration_minutes,session_srpe_sum_7d,36550,0.6957809895839459,0.7289292811908488,0.7289292811908488
session_srpe_sum_7d,session_duration_minutes,36550,0.6957809895839459,0.7289292811908488,0.7289292811908488
session_duration_minutes,session_srpe_sum_14d,36550,0.6580025219334396,0.6941265352928871,0.6941265352928871
session_srpe_sum_14d,session_duration_minutes,36550,0.6580025219334396,0.6941265352928871,0.6941265352928871
session_duration_minutes,session_srpe_sum_28d,36550,0.6200793391204797,0.6602266180197214,0.6602266180197214
session_srpe_sum_28d,session_duration_minutes,36550,0.6200793391204797,0.6602266180197214,0.6602266180197214
session_duration_minutes,fatigue_mean_3d,20188,0.06398335019539747,0.061367924162458815,0.061367924162458815
fatigue_mean_3d,session_duration_minutes,20188,0.06398335019539747,0.061367924162458815,0.061367924162458815
session_duration_minutes,fatigue_mean_7d,21477,0.05990948694831809,0.058518036630317655,0.058518036630317655
fatigue_mean_7d,session_duration_minutes,21477,0.05990948694831809,0.058518036630317655,0.058518036630317655
session_duration_minutes,fatigue_mean_14d,22572,0.05916608332451789,0.05578054475249028,0.05578054475249028
fatigue_mean_14d,session_duration_minutes,22572,0.05916608332451789,0.05578054475249028,0.05578054475249028
session_duration_minutes,fatigue_mean_28d,23819,0.061704331658084144,0.05636894114026353,0.05636894114026353
fatigue_mean_28d,session_duration_minutes,23819,0.061704331658084144,0.05636894114026353,0.05636894114026353
session_duration_minutes,readiness_mean_3d,20190,0.10343118260540672,0.0950488836124523,0.0950488836124523
readiness_mean_3d,session_duration_minutes,20190,0.10343118260540672,0.0950488836124523,0.0950488836124523
session_duration_minutes,readiness_mean_7d,21480,0.09161733296791741,0.08981823331498114,0.08981823331498114
readiness_mean_7d,session_duration_minutes,21480,0.09161733296791741,0.08981823331498114,0.08981823331498114
session_duration_minutes,readiness_mean_14d,22579,0.08307302413960634,0.08721699675295737,0.08721699675295737
readiness_mean_14d,session_duration_minutes,22579,0.08307302413960634,0.08721699675295737,0.08721699675295737
session_duration_minutes,readiness_mean_28d,23815,0.07531449937530134,0.08524233176051751,0.08524233176051751
readiness_mean_28d,session_duration_minutes,23815,0.07531449937530134,0.08524233176051751,0.08524233176051751
session_duration_minutes,daily_load_baseline_mean_prior,36500,0.41312838065832364,0.47034009090811696,0.47034009090811696
daily_load_baseline_mean_prior,session_duration_minutes,36500,0.41312838065832364,0.47034009090811696,0.47034009090811696
session_duration_minutes,daily_load_zscore_prior,27598,0.6064720874244414,0.844724716778118,0.844724716778118
daily_load_zscore_prior,session_duration_minutes,27598,0.6064720874244414,0.844724716778118,0.844724716778118
session_duration_minutes,fatigue_baseline_mean_prior,27327,0.056370954556719116,0.037164547233893924,0.037164547233893924
fatigue_baseline_mean_prior,session_duration_minutes,27327,0.056370954556719116,0.037164547233893924,0.037164547233893924
session_duration_minutes,fatigue_zscore_prior,16806,0.07950375755893803,0.06016858586230955,0.06016858586230955
fatigue_zscore_prior,session_duration_minutes,16806,0.07950375755893803,0.06016858586230955,0.06016858586230955
session_duration_minutes,readiness_baseline_mean_prior,27323,0.003231748763920121,0.012250014198430114,0.012250014198430114
readiness_baseline_mean_prior,session_duration_minutes,27323,0.003231748763920121,0.012250014198430114,0.012250014198430114
session_duration_minutes,readiness_zscore_prior,16858,0.178859661072273,0.16906639764509301,0.16906639764509301
readiness_zscore_prior,session_duration_minutes,16858,0.178859661072273,0.16906639764509301,0.16906639764509301
session_duration_minutes,wellness_report_present,36550,0.590998086456561,0.6370648575776495,0.6370648575776495
wellness_report_present,session_duration_minutes,36550,0.590998086456561,0.6370648575776495,0.6370648575776495
session_duration_minutes,session_recorded,36550,0.8913557279706169,0.961993122271381,0.961993122271381
session_recorded,session_duration_minutes,36550,0.8913557279706169,0.961993122271381,0.961993122271381
session_duration_minutes,daily_load_log1p,36550,0.9295774446565235,0.9869385719660747,0.9869385719660747
daily_load_log1p,session_duration_minutes,36550,0.9295774446565235,0.9869385719660747,0.9869385719660747
session_duration_minutes,session_duration_minutes_log1p,36550,0.9355990917985354,1.0,1.0
session_duration_minutes_log1p,session_duration_minutes,36550,0.9355990917985354,1.0,1.0
session_duration_minutes,session_srpe_log1p,36550,0.930118379796919,0.9879933785285309,0.9879933785285309
session_srpe_log1p,session_duration_minutes,36550,0.930118379796919,0.9879933785285309,0.9879933785285309
session_duration_minutes,daily_load_sum_3d_log1p,36550,0.7035356097182455,0.782732226695208,0.782732226695208
daily_load_sum_3d_log1p,session_duration_minutes,36550,0.7035356097182455,0.782732226695208,0.782732226695208
session_duration_minutes,daily_load_sum_7d_log1p,36550,0.640629060696372,0.7278194051109371,0.7278194051109371
daily_load_sum_7d_log1p,session_duration_minutes,36550,0.640629060696372,0.7278194051109371,0.7278194051109371
session_duration_minutes,daily_load_sum_14d_log1p,36550,0.6013027928994686,0.6930861348794357,0.6930861348794357
daily_load_sum_14d_log1p,session_duration_minutes,36550,0.6013027928994686,0.6930861348794357,0.6930861348794357
session_duration_minutes,daily_load_sum_28d_log1p,36550,0.5624072616664848,0.6591994083968208,0.6591994083968208
daily_load_sum_28d_log1p,session_duration_minutes,36550,0.5624072616664848,0.6591994083968208,0.6591994083968208
session_duration_minutes,session_duration_sum_3d_log1p,36550,0.7151620789183244,0.8041112048094878,0.8041112048094878
session_duration_sum_3d_log1p,session_duration_minutes,36550,0.7151620789183244,0.8041112048094878,0.8041112048094878
session_duration_minutes,session_duration_sum_7d_log1p,36550,0.6499292744046092,0.7431334745467548,0.7431334745467548
session_duration_sum_7d_log1p,session_duration_minutes,36550,0.6499292744046092,0.7431334745467548,0.7431334745467548
session_duration_minutes,session_duration_sum_14d_log1p,36550,0.6105782085251178,0.705823971940978,0.705823971940978
session_duration_sum_14d_log1p,session_duration_minutes,36550,0.6105782085251178,0.705823971940978,0.705823971940978
session_duration_minutes,session_duration_sum_28d_log1p,36550,0.5718805810485674,0.670577926583973,0.670577926583973
session_duration_sum_28d_log1p,session_duration_minutes,36550,0.5718805810485674,0.670577926583973,0.670577926583973
session_duration_minutes,session_srpe_sum_3d_log1p,36550,0.7036807821905496,0.7834921573555427,0.7834921573555427
session_srpe_sum_3d_log1p,session_duration_minutes,36550,0.7036807821905496,0.7834921573555427,0.7834921573555427
session_duration_minutes,session_srpe_sum_7d_log1p,36550,0.6407177001854323,0.7289292811908488,0.7289292811908488
session_srpe_sum_7d_log1p,session_duration_minutes,36550,0.6407177001854323,0.7289292811908488,0.7289292811908488
session_duration_minutes,session_srpe_sum_14d_log1p,36550,0.601326428085796,0.6941265352928871,0.6941265352928871
session_srpe_sum_14d_log1p,session_duration_minutes,36550,0.601326428085796,0.6941265352928871,0.6941265352928871
session_duration_minutes,session_srpe_sum_28d_log1p,36550,0.5624111130387459,0.6602266180197214,0.6602266180197214
session_srpe_sum_28d_log1p,session_duration_minutes,36550,0.5624111130387459,0.6602266180197214,0.6602266180197214
session_srpe,session_srpe,36550,1.0,1.0,1.0
session_srpe,daily_load_sum_3d,36550,0.7441665629332076,0.7857486144283341,0.7857486144283341
daily_load_sum_3d,session_srpe,36550,0.7441665629332076,0.7857486144283341,0.7857486144283341
session_srpe,daily_load_sum_7d,36550,0.6676587563351318,0.729396904446392,0.729396904446392
daily_load_sum_7d,session_srpe,36550,0.6676587563351318,0.729396904446392,0.729396904446392
session_srpe,daily_load_sum_14d,36550,0.622950049926832,0.6929567844777138,0.6929567844777138
daily_load_sum_14d,session_srpe,36550,0.622950049926832,0.6929567844777138,0.6929567844777138
session_srpe,daily_load_sum_28d,36550,0.5827802474258403,0.6585909592381927,0.6585909592381927
daily_load_sum_28d,session_srpe,36550,0.5827802474258403,0.6585909592381927,0.6585909592381927
session_srpe,session_duration_sum_3d,36550,0.7274367016538887,0.7938207652534602,0.7938207652534602
session_duration_sum_3d,session_srpe,36550,0.7274367016538887,0.7938207652534602,0.7938207652534602
session_srpe,session_duration_sum_7d,36550,0.6520458518065033,0.7329819549143188,0.7329819549143188
session_duration_sum_7d,session_srpe,36550,0.6520458518065033,0.7329819549143188,0.7329819549143188
session_srpe,session_duration_sum_14d,36550,0.6107571031776977,0.695891431200098,0.695891431200098
session_duration_sum_14d,session_srpe,36550,0.6107571031776977,0.695891431200098,0.695891431200098
session_srpe,session_duration_sum_28d,36550,0.5733428240893604,0.6613205436617969,0.6613205436617969
session_duration_sum_28d,session_srpe,36550,0.5733428240893604,0.6613205436617969,0.6613205436617969
session_srpe,session_srpe_sum_3d,36550,0.7470765725416977,0.7862088313801006,0.7862088313801006
session_srpe_sum_3d,session_srpe,36550,0.7470765725416977,0.7862088313801006,0.7862088313801006
session_srpe,session_srpe_sum_7d,36550,0.6693805471598299,0.7301140681318359,0.7301140681318359
session_srpe_sum_7d,session_srpe,36550,0.6693805471598299,0.7301140681318359,0.7301140681318359
session_srpe,session_srpe_sum_14d,36550,0.624355989826188,0.6936171696326819,0.6936171696326819
session_srpe_sum_14d,session_srpe,36550,0.624355989826188,0.6936171696326819,0.6936171696326819
session_srpe,session_srpe_sum_28d,36550,0.5840963962481385,0.6592852763603525,0.6592852763603525
session_srpe_sum_28d,session_srpe,36550,0.5840963962481385,0.6592852763603525,0.6592852763603525
session_srpe,fatigue_mean_3d,20188,0.04719642914930582,0.04609465985533234,0.04609465985533234
fatigue_mean_3d,session_srpe,20188,0.04719642914930582,0.04609465985533234,0.04609465985533234
session_srpe,fatigue_mean_7d,21477,0.03410976040495332,0.035199458025957184,0.035199458025957184
fatigue_mean_7d,session_srpe,21477,0.03410976040495332,0.035199458025957184,0.035199458025957184
session_srpe,fatigue_mean_14d,22572,0.03185971222438446,0.032385752082109455,0.032385752082109455
fatigue_mean_14d,session_srpe,22572,0.03185971222438446,0.032385752082109455,0.032385752082109455
session_srpe,fatigue_mean_28d,23819,0.03249243456614041,0.03263212765200571,0.03263212765200571
fatigue_mean_28d,session_srpe,23819,0.03249243456614041,0.03263212765200571,0.03263212765200571
session_srpe,readiness_mean_3d,20190,0.1026005116238273,0.09241637721806019,0.09241637721806019
readiness_mean_3d,session_srpe,20190,0.1026005116238273,0.09241637721806019,0.09241637721806019
session_srpe,readiness_mean_7d,21480,0.08236769985992334,0.07899189151941735,0.07899189151941735
readiness_mean_7d,session_srpe,21480,0.08236769985992334,0.07899189151941735,0.07899189151941735
session_srpe,readiness_mean_14d,22579,0.07280315457102934,0.0755703364927094,0.0755703364927094
readiness_mean_14d,session_srpe,22579,0.07280315457102934,0.0755703364927094,0.0755703364927094
session_srpe,readiness_mean_28d,23815,0.06426561130116155,0.07306268848108047,0.07306268848108047
readiness_mean_28d,session_srpe,23815,0.06426561130116155,0.07306268848108047,0.07306268848108047
session_srpe,daily_load_baseline_mean_prior,36500,0.39775660766717863,0.47844268414453495,0.47844268414453495
daily_load_baseline_mean_prior,session_srpe,36500,0.39775660766717863,0.47844268414453495,0.47844268414453495
session_srpe,daily_load_zscore_prior,27598,0.6375192270972446,0.8620981285882288,0.8620981285882288
daily_load_zscore_prior,session_srpe,27598,0.6375192270972446,0.8620981285882288,0.8620981285882288
session_srpe,fatigue_baseline_mean_prior,27327,0.02904884312964633,0.01668990946674058,0.01668990946674058
fatigue_baseline_mean_prior,session_srpe,27327,0.02904884312964633,0.01668990946674058,0.01668990946674058
session_srpe,fatigue_zscore_prior,16806,0.08693359057508689,0.07760926915903632,0.07760926915903632
fatigue_zscore_prior,session_srpe,16806,0.08693359057508689,0.07760926915903632,0.07760926915903632
session_srpe,readiness_baseline_mean_prior,27323,-0.0022404145626921416,0.004441357070268065,0.004441357070268065
readiness_baseline_mean_prior,session_srpe,27323,-0.0022404145626921416,0.004441357070268065,0.004441357070268065
session_srpe,readiness_zscore_prior,16858,0.200782384163559,0.1945950229996168,0.1945950229996168
readiness_zscore_prior,session_srpe,16858,0.200782384163559,0.1945950229996168,0.1945950229996168
session_srpe,wellness_report_present,36550,0.5420656469577954,0.634782640289728,0.634782640289728
wellness_report_present,session_srpe,36550,0.5420656469577954,0.634782640289728,0.634782640289728
session_srpe,session_recorded,36550,0.8202515052055471,0.9610115825532782,0.9610115825532782
session_recorded,session_srpe,36550,0.8202515052055471,0.9610115825532782,0.9610115825532782
session_srpe,daily_load_log1p,36550,0.8833421293101105,0.9991975283233818,0.9991975283233818
daily_load_log1p,session_srpe,36550,0.8833421293101105,0.9991975283233818,0.9991975283233818
session_srpe,session_duration_minutes_log1p,36550,0.868607079858869,0.987993378528531,0.987993378528531
session_duration_minutes_log1p,session_srpe,36550,0.868607079858869,0.987993378528531,0.987993378528531
session_srpe,session_srpe_log1p,36550,0.8838133333907277,1.0,1.0
session_srpe_log1p,session_srpe,36550,0.8838133333907277,1.0,1.0
session_srpe,daily_load_sum_3d_log1p,36550,0.6564814324259282,0.7857486144283341,0.7857486144283341
daily_load_sum_3d_log1p,session_srpe,36550,0.6564814324259282,0.7857486144283341,0.7857486144283341
session_srpe,daily_load_sum_7d_log1p,36550,0.5942148693271188,0.729396904446392,0.729396904446392
daily_load_sum_7d_log1p,session_srpe,36550,0.5942148693271188,0.729396904446392,0.729396904446392
session_srpe,daily_load_sum_14d_log1p,36550,0.5561822346176964,0.6929567844777138,0.6929567844777138
daily_load_sum_14d_log1p,session_srpe,36550,0.5561822346176964,0.6929567844777138,0.6929567844777138
session_srpe,daily_load_sum_28d_log1p,36550,0.5193395796463804,0.6585909592381927,0.6585909592381927
daily_load_sum_28d_log1p,session_srpe,36550,0.5193395796463804,0.6585909592381927,0.6585909592381927
session_srpe,session_duration_sum_3d_log1p,36550,0.6590937612559992,0.7938207652534602,0.7938207652534602
session_duration_sum_3d_log1p,session_srpe,36550,0.6590937612559992,0.7938207652534602,0.7938207652534602
session_srpe,session_duration_sum_7d_log1p,36550,0.5976462537562216,0.7329819549143188,0.7329819549143188
session_duration_sum_7d_log1p,session_srpe,36550,0.5976462537562216,0.7329819549143188,0.7329819549143188
session_srpe,session_duration_sum_14d_log1p,36550,0.5608003265145757,0.695891431200098,0.695891431200098
session_duration_sum_14d_log1p,session_srpe,36550,0.5608003265145757,0.695891431200098,0.695891431200098
session_srpe,session_duration_sum_28d_log1p,36550,0.524847511064164,0.6613205436617969,0.6613205436617969
session_duration_sum_28d_log1p,session_srpe,36550,0.524847511064164,0.6613205436617969,0.6613205436617969
session_srpe,session_srpe_sum_3d_log1p,36550,0.6565260727181639,0.7862088313801006,0.7862088313801006
session_srpe_sum_3d_log1p,session_srpe,36550,0.6565260727181639,0.7862088313801006,0.7862088313801006
session_srpe,session_srpe_sum_7d_log1p,36550,0.5941940335405453,0.7301140681318359,0.7301140681318359
session_srpe_sum_7d_log1p,session_srpe,36550,0.5941940335405453,0.7301140681318359,0.7301140681318359
session_srpe,session_srpe_sum_14d_log1p,36550,0.5561012284408686,0.6936171696326819,0.6936171696326819
session_srpe_sum_14d_log1p,session_srpe,36550,0.5561012284408686,0.6936171696326819,0.6936171696326819
session_srpe,session_srpe_sum_28d_log1p,36550,0.5192486562217254,0.6592852763603525,0.6592852763603525
session_srpe_sum_28d_log1p,session_srpe,36550,0.5192486562217254,0.6592852763603525,0.6592852763603525
daily_load_sum_3d,daily_load_sum_3d,36550,1.0,1.0,1.0
daily_load_sum_3d,daily_load_sum_7d,36550,0.8927550204815128,0.9218450350204798,0.9218450350204798
daily_load_sum_7d,daily_load_sum_3d,36550,0.8927550204815128,0.9218450350204798,0.9218450350204798
daily_load_sum_3d,daily_load_sum_14d,36550,0.8376447081212982,0.8754507264411225,0.8754507264411225
daily_load_sum_14d,daily_load_sum_3d,36550,0.8376447081212982,0.8754507264411225,0.8754507264411225
daily_load_sum_3d,daily_load_sum_28d,36550,0.7860146550419251,0.8312967029854664,0.8312967029854664
daily_load_sum_28d,daily_load_sum_3d,36550,0.7860146550419251,0.8312967029854664,0.8312967029854664
daily_load_sum_3d,session_duration_sum_3d,36550,0.9639931535971625,0.9826815076147597,0.9826815076147597
session_duration_sum_3d,daily_load_sum_3d,36550,0.9639931535971625,0.9826815076147597,0.9826815076147597
daily_load_sum_3d,session_duration_sum_7d,36550,0.8682164978140852,0.9095628006348724,0.9095628006348724
session_duration_sum_7d,daily_load_sum_3d,36550,0.8682164978140852,0.9095628006348724,0.9095628006348724
daily_load_sum_3d,session_duration_sum_14d,36550,0.8176618178753051,0.8658409220213128,0.8658409220213128
session_duration_sum_14d,daily_load_sum_3d,36550,0.8176618178753051,0.8658409220213128,0.8658409220213128
daily_load_sum_3d,session_duration_sum_28d,36550,0.7694265382079288,0.823648120529982,0.823648120529982
session_duration_sum_28d,daily_load_sum_3d,36550,0.7694265382079288,0.823648120529982,0.823648120529982
daily_load_sum_3d,session_srpe_sum_3d,36550,0.9963992428173656,0.9989908417796168,0.9989908417796168
session_srpe_sum_3d,daily_load_sum_3d,36550,0.9963992428173656,0.9989908417796168,0.9989908417796168
daily_load_sum_3d,session_srpe_sum_7d,36550,0.8906491729982094,0.9212988909245087,0.9212988909245087
session_srpe_sum_7d,daily_load_sum_3d,36550,0.8906491729982094,0.9212988909245087,0.9212988909245087
daily_load_sum_3d,session_srpe_sum_14d,36550,0.8360338037243805,0.8750919329475334,0.8750919329475334
session_srpe_sum_14d,daily_load_sum_3d,36550,0.8360338037243805,0.8750919329475334,0.8750919329475334
daily_load_sum_3d,session_srpe_sum_28d,36550,0.7848462962662164,0.8312745302215229,0.8312745302215229
session_srpe_sum_28d,daily_load_sum_3d,36550,0.7848462962662164,0.8312745302215229,0.8312745302215229
daily_load_sum_3d,fatigue_mean_3d,20188,-0.004116080319365159,-0.007284562389218344,0.007284562389218344
fatigue_mean_3d,daily_load_sum_3d,20188,-0.004116080319365159,-0.007284562389218344,0.007284562389218344
daily_load_sum_3d,fatigue_mean_7d,21477,0.015156979386264154,0.012493144633201923,0.012493144633201923
fatigue_mean_7d,daily_load_sum_3d,21477,0.015156979386264154,0.012493144633201923,0.012493144633201923
daily_load_sum_3d,fatigue_mean_14d,22572,0.02214698441421918,0.01951169587778682,0.01951169587778682
fatigue_mean_14d,daily_load_sum_3d,22572,0.02214698441421918,0.01951169587778682,0.01951169587778682
daily_load_sum_3d,fatigue_mean_28d,23819,0.027583492640604414,0.024276594309323628,0.024276594309323628
fatigue_mean_28d,daily_load_sum_3d,23819,0.027583492640604414,0.024276594309323628,0.024276594309323628
daily_load_sum_3d,readiness_mean_3d,20190,0.10148986961440146,0.08154395408843075,0.08154395408843075
readiness_mean_3d,daily_load_sum_3d,20190,0.10148986961440146,0.08154395408843075,0.08154395408843075
daily_load_sum_3d,readiness_mean_7d,21480,0.09776295760692609,0.09075459333001358,0.09075459333001358
readiness_mean_7d,daily_load_sum_3d,21480,0.09776295760692609,0.09075459333001358,0.09075459333001358
daily_load_sum_3d,readiness_mean_14d,22579,0.08835320990291246,0.09274463544311963,0.09274463544311963
readiness_mean_14d,daily_load_sum_3d,22579,0.08835320990291246,0.09274463544311963,0.09274463544311963
daily_load_sum_3d,readiness_mean_28d,23815,0.0766765837272531,0.09179903131366089,0.09179903131366089
readiness_mean_28d,daily_load_sum_3d,23815,0.0766765837272531,0.09179903131366089,0.09179903131366089
daily_load_sum_3d,daily_load_baseline_mean_prior,36500,0.5453639978124823,0.6135863755934219,0.6135863755934219
daily_load_baseline_mean_prior,daily_load_sum_3d,36500,0.5453639978124823,0.6135863755934219,0.6135863755934219
daily_load_sum_3d,daily_load_zscore_prior,27598,0.38886755832667075,0.5295545650143756,0.5295545650143756
daily_load_zscore_prior,daily_load_sum_3d,27598,0.38886755832667075,0.5295545650143756,0.5295545650143756
daily_load_sum_3d,fatigue_baseline_mean_prior,27327,0.03286521062762615,0.012313885973165215,0.012313885973165215
fatigue_baseline_mean_prior,daily_load_sum_3d,27327,0.03286521062762615,0.012313885973165215,0.012313885973165215
daily_load_sum_3d,fatigue_zscore_prior,16806,-0.05686980792278364,-0.0693400629377559,0.0693400629377559
fatigue_zscore_prior,daily_load_sum_3d,16806,-0.05686980792278364,-0.0693400629377559,0.0693400629377559
daily_load_sum_3d,readiness_baseline_mean_prior,27323,-0.01375075133366445,0.009835013713893923,0.009835013713893923
readiness_baseline_mean_prior,daily_load_sum_3d,27323,-0.01375075133366445,0.009835013713893923,0.009835013713893923
daily_load_sum_3d,readiness_zscore_prior,16858,0.05310418790996826,0.0034033203512892265,0.0034033203512892265
readiness_zscore_prior,daily_load_sum_3d,16858,0.05310418790996826,0.0034033203512892265,0.0034033203512892265
daily_load_sum_3d,wellness_report_present,36550,0.6754142499022822,0.7389406288092558,0.7389406288092558
wellness_report_present,daily_load_sum_3d,36550,0.6754142499022822,0.7389406288092558,0.7389406288092558
daily_load_sum_3d,session_recorded,36550,0.7339434233186062,0.7720500774771799,0.7720500774771799
session_recorded,daily_load_sum_3d,36550,0.7339434233186062,0.7720500774771799,0.7720500774771799
daily_load_sum_3d,daily_load_log1p,36550,0.7579643380701017,0.7867838348337707,0.7867838348337707
daily_load_log1p,daily_load_sum_3d,36550,0.7579643380701017,0.7867838348337707,0.7867838348337707
daily_load_sum_3d,session_duration_minutes_log1p,36550,0.7540891147483226,0.782732226695208,0.782732226695208
session_duration_minutes_log1p,daily_load_sum_3d,36550,0.7540891147483226,0.782732226695208,0.782732226695208
daily_load_sum_3d,session_srpe_log1p,36550,0.7570491897884681,0.7857486144283341,0.7857486144283341
session_srpe_log1p,daily_load_sum_3d,36550,0.7570491897884681,0.7857486144283341,0.7857486144283341
daily_load_sum_3d,daily_load_sum_3d_log1p,36550,0.8753958319688995,1.0,1.0
daily_load_sum_3d_log1p,daily_load_sum_3d,36550,0.8753958319688995,1.0,1.0
daily_load_sum_3d,daily_load_sum_7d_log1p,36550,0.7923207519955705,0.9218450350204798,0.9218450350204798
daily_load_sum_7d_log1p,daily_load_sum_3d,36550,0.7923207519955705,0.9218450350204798,0.9218450350204798
daily_load_sum_3d,daily_load_sum_14d_log1p,36550,0.742491337670038,0.8754507264411225,0.8754507264411225
daily_load_sum_14d_log1p,daily_load_sum_3d,36550,0.742491337670038,0.8754507264411225,0.8754507264411225
daily_load_sum_3d,daily_load_sum_28d_log1p,36550,0.6936407981167021,0.8312967029854664,0.8312967029854664
daily_load_sum_28d_log1p,daily_load_sum_3d,36550,0.6936407981167021,0.8312967029854664,0.8312967029854664
daily_load_sum_3d,session_duration_sum_3d_log1p,36550,0.876322099228409,0.9826815076147597,0.9826815076147597
session_duration_sum_3d_log1p,daily_load_sum_3d,36550,0.876322099228409,0.9826815076147597,0.9826815076147597
daily_load_sum_3d,session_duration_sum_7d_log1p,36550,0.7966897420461018,0.9095628006348724,0.9095628006348724
session_duration_sum_7d_log1p,daily_load_sum_3d,36550,0.7966897420461018,0.9095628006348724,0.9095628006348724
daily_load_sum_3d,session_duration_sum_14d_log1p,36550,0.7488024345498829,0.8658409220213128,0.8658409220213128
session_duration_sum_14d_log1p,daily_load_sum_3d,36550,0.7488024345498829,0.8658409220213128,0.8658409220213128
daily_load_sum_3d,session_duration_sum_28d_log1p,36550,0.7011917877399245,0.823648120529982,0.823648120529982
session_duration_sum_28d_log1p,daily_load_sum_3d,36550,0.7011917877399245,0.823648120529982,0.823648120529982
daily_load_sum_3d,session_srpe_sum_3d_log1p,36550,0.8745209137949148,0.9989908417796168,0.9989908417796168
session_srpe_sum_3d_log1p,daily_load_sum_3d,36550,0.8745209137949148,0.9989908417796168,0.9989908417796168
daily_load_sum_3d,session_srpe_sum_7d_log1p,36550,0.7917682466278608,0.9212988909245087,0.9212988909245087
session_srpe_sum_7d_log1p,daily_load_sum_3d,36550,0.7917682466278608,0.9212988909245087,0.9212988909245087
daily_load_sum_3d,session_srpe_sum_14d_log1p,36550,0.742012720580861,0.8750919329475334,0.8750919329475334
session_srpe_sum_14d_log1p,daily_load_sum_3d,36550,0.742012720580861,0.8750919329475334,0.8750919329475334
daily_load_sum_3d,session_srpe_sum_28d_log1p,36550,0.6932353514047724,0.8312745302215229,0.8312745302215229
session_srpe_sum_28d_log1p,daily_load_sum_3d,36550,0.6932353514047724,0.8312745302215229,0.8312745302215229
daily_load_sum_7d,daily_load_sum_7d,36550,1.0,1.0,1.0
daily_load_sum_7d,daily_load_sum_14d,36550,0.9516005756849633,0.9551151247907891,0.9551151247907891
daily_load_sum_14d,daily_load_sum_7d,36550,0.9516005756849633,0.9551151247907891,0.9551151247907891
daily_load_sum_7d,daily_load_sum_28d,36550,0.8940456103887515,0.9052300056160603,0.9052300056160603
daily_load_sum_28d,daily_load_sum_7d,36550,0.8940456103887515,0.9052300056160603,0.9052300056160603
daily_load_sum_7d,session_duration_sum_3d,36550,0.8813136467296957,0.9098371876620818,0.9098371876620818
session_duration_sum_3d,daily_load_sum_7d,36550,0.8813136467296957,0.9098371876620818,0.9098371876620818
daily_load_sum_7d,session_duration_sum_7d,36550,0.9730735153351917,0.9805442549113764,0.9805442549113764
session_duration_sum_7d,daily_load_sum_7d,36550,0.9730735153351917,0.9805442549113764,0.9805442549113764
daily_load_sum_7d,session_duration_sum_14d,36550,0.9289056480265139,0.938323571626536,0.938323571626536
session_duration_sum_14d,daily_load_sum_7d,36550,0.9289056480265139,0.938323571626536,0.938323571626536
daily_load_sum_7d,session_duration_sum_28d,36550,0.8751191945095214,0.8914798084768567,0.8914798084768567
session_duration_sum_28d,daily_load_sum_7d,36550,0.8751191945095214,0.8914798084768567,0.8914798084768567
daily_load_sum_7d,session_srpe_sum_3d,36550,0.8908240842085504,0.9205536484155136,0.9205536484155136
session_srpe_sum_3d,daily_load_sum_7d,36550,0.8908240842085504,0.9205536484155136,0.9205536484155136
daily_load_sum_7d,session_srpe_sum_7d,36550,0.997577310716219,0.9987490484183964,0.9987490484183964
session_srpe_sum_7d,daily_load_sum_7d,36550,0.997577310716219,0.9987490484183964,0.9987490484183964
daily_load_sum_7d,session_srpe_sum_14d,36550,0.9496906161095641,0.9541699301235143,0.9541699301235143
session_srpe_sum_14d,daily_load_sum_7d,36550,0.9496906161095641,0.9541699301235143,0.9541699301235143
daily_load_sum_7d,session_srpe_sum_28d,36550,0.8927220995225078,0.9048114671076785,0.9048114671076785
session_srpe_sum_28d,daily_load_sum_7d,36550,0.8927220995225078,0.9048114671076785,0.9048114671076785
daily_load_sum_7d,fatigue_mean_3d,20188,-0.035738234437988674,-0.036913428481465005,0.036913428481465005
fatigue_mean_3d,daily_load_sum_7d,20188,-0.035738234437988674,-0.036913428481465005,0.036913428481465005
daily_load_sum_7d,fatigue_mean_7d,21477,-0.012748810280470308,-0.017559882190002384,0.017559882190002384
fatigue_mean_7d,daily_load_sum_7d,21477,-0.012748810280470308,-0.017559882190002384,0.017559882190002384
daily_load_sum_7d,fatigue_mean_14d,22572,0.011731867494490286,0.003689180341286562,0.003689180341286562
fatigue_mean_14d,daily_load_sum_7d,22572,0.011731867494490286,0.003689180341286562,0.003689180341286562
daily_load_sum_7d,fatigue_mean_28d,23819,0.024416479461502938,0.01619113585844174,0.01619113585844174
fatigue_mean_28d,daily_load_sum_7d,23819,0.024416479461502938,0.01619113585844174,0.01619113585844174
daily_load_sum_7d,readiness_mean_3d,20190,0.08457364793294356,0.0527997554636589,0.0527997554636589
readiness_mean_3d,daily_load_sum_7d,20190,0.08457364793294356,0.0527997554636589,0.0527997554636589
daily_load_sum_7d,readiness_mean_7d,21480,0.10477653900576787,0.08315255632707645,0.08315255632707645
readiness_mean_7d,daily_load_sum_7d,21480,0.10477653900576787,0.08315255632707645,0.08315255632707645
daily_load_sum_7d,readiness_mean_14d,22579,0.10038486315442127,0.09356200150685623,0.09356200150685623
readiness_mean_14d,daily_load_sum_7d,22579,0.10038486315442127,0.09356200150685623,0.09356200150685623
daily_load_sum_7d,readiness_mean_28d,23815,0.08841332897456722,0.0957603400870695,0.0957603400870695
readiness_mean_28d,daily_load_sum_7d,23815,0.08841332897456722,0.0957603400870695,0.0957603400870695
daily_load_sum_7d,daily_load_baseline_mean_prior,36500,0.6203243715044935,0.6629948894104525,0.6629948894104525
daily_load_baseline_mean_prior,daily_load_sum_7d,36500,0.6203243715044935,0.6629948894104525,0.6629948894104525
daily_load_sum_7d,daily_load_zscore_prior,27598,0.28020136590542244,0.4245130869600453,0.4245130869600453
daily_load_zscore_prior,daily_load_sum_7d,27598,0.28020136590542244,0.4245130869600453,0.4245130869600453
daily_load_sum_7d,fatigue_baseline_mean_prior,27327,0.03269976705142488,0.004804617393230233,0.004804617393230233
fatigue_baseline_mean_prior,daily_load_sum_7d,27327,0.03269976705142488,0.004804617393230233,0.004804617393230233
daily_load_sum_7d,fatigue_zscore_prior,16806,-0.0451742888372023,-0.04533705751310838,0.04533705751310838
fatigue_zscore_prior,daily_load_sum_7d,16806,-0.0451742888372023,-0.04533705751310838,0.04533705751310838
daily_load_sum_7d,readiness_baseline_mean_prior,27323,-0.0199650311833005,0.0037503143800584216,0.0037503143800584216
readiness_baseline_mean_prior,daily_load_sum_7d,27323,-0.0199650311833005,0.0037503143800584216,0.0037503143800584216
daily_load_sum_7d,readiness_zscore_prior,16858,0.0810642485556753,0.03545968647068948,0.03545968647068948
readiness_zscore_prior,daily_load_sum_7d,16858,0.0810642485556753,0.03545968647068948,0.03545968647068948
daily_load_sum_7d,wellness_report_present,36550,0.7222902604412421,0.7485035285252273,0.7485035285252273
wellness_report_present,daily_load_sum_7d,36550,0.7222902604412421,0.7485035285252273,0.7485035285252273
daily_load_sum_7d,session_recorded,36550,0.7125448965749501,0.7258423000477364,0.7258423000477364
session_recorded,daily_load_sum_7d,36550,0.7125448965749501,0.7258423000477364,0.7258423000477364
daily_load_sum_7d,daily_load_log1p,36550,0.7241539393340805,0.7303870429504512,0.7303870429504512
daily_load_log1p,daily_load_sum_7d,36550,0.7241539393340805,0.7303870429504512,0.7303870429504512
daily_load_sum_7d,session_duration_minutes_log1p,36550,0.7220701213333888,0.727819405110937,0.727819405110937
session_duration_minutes_log1p,daily_load_sum_7d,36550,0.7220701213333888,0.727819405110937,0.727819405110937
daily_load_sum_7d,session_srpe_log1p,36550,0.7235990009659714,0.729396904446392,0.729396904446392
session_srpe_log1p,daily_load_sum_7d,36550,0.7235990009659714,0.729396904446392,0.729396904446392
daily_load_sum_7d,daily_load_sum_3d_log1p,36550,0.8823289921055143,0.9218450350204798,0.9218450350204798
daily_load_sum_3d_log1p,daily_load_sum_7d,36550,0.8823289921055143,0.9218450350204798,0.9218450350204798
daily_load_sum_7d,daily_load_sum_7d_log1p,36550,0.8865650952070557,1.0,1.0
daily_load_sum_7d_log1p,daily_load_sum_7d,36550,0.8865650952070557,1.0,1.0
daily_load_sum_7d,daily_load_sum_14d_log1p,36550,0.8342584656103232,0.9551151247907891,0.9551151247907891
daily_load_sum_14d_log1p,daily_load_sum_7d,36550,0.8342584656103232,0.9551151247907891,0.9551151247907891
daily_load_sum_7d,daily_load_sum_28d_log1p,36550,0.7798208514883325,0.9052300056160603,0.9052300056160603
daily_load_sum_28d_log1p,daily_load_sum_7d,36550,0.7798208514883325,0.9052300056160603,0.9052300056160603
daily_load_sum_7d,session_duration_sum_3d_log1p,36550,0.8825717576068711,0.9098371876620818,0.9098371876620818
session_duration_sum_3d_log1p,daily_load_sum_7d,36550,0.8825717576068711,0.9098371876620818,0.9098371876620818
daily_load_sum_7d,session_duration_sum_7d_log1p,36550,0.8915346796150005,0.9805442549113764,0.9805442549113764
session_duration_sum_7d_log1p,daily_load_sum_7d,36550,0.8915346796150005,0.9805442549113764,0.9805442549113764
daily_load_sum_7d,session_duration_sum_14d_log1p,36550,0.8422095671737116,0.938323571626536,0.938323571626536
session_duration_sum_14d_log1p,daily_load_sum_7d,36550,0.8422095671737116,0.938323571626536,0.938323571626536
daily_load_sum_7d,session_duration_sum_28d_log1p,36550,0.7892267050003648,0.8914798084768567,0.8914798084768567
session_duration_sum_28d_log1p,daily_load_sum_7d,36550,0.7892267050003648,0.8914798084768567,0.8914798084768567
daily_load_sum_7d,session_srpe_sum_3d_log1p,36550,0.8817174469944921,0.9205536484155136,0.9205536484155136
session_srpe_sum_3d_log1p,daily_load_sum_7d,36550,0.8817174469944921,0.9205536484155136,0.9205536484155136
daily_load_sum_7d,session_srpe_sum_7d_log1p,36550,0.8859185513003264,0.9987490484183964,0.9987490484183964
session_srpe_sum_7d_log1p,daily_load_sum_7d,36550,0.8859185513003264,0.9987490484183964,0.9987490484183964
daily_load_sum_7d,session_srpe_sum_14d_log1p,36550,0.8336901263197178,0.9541699301235143,0.9541699301235143
session_srpe_sum_14d_log1p,daily_load_sum_7d,36550,0.8336901263197178,0.9541699301235143,0.9541699301235143
daily_load_sum_7d,session_srpe_sum_28d_log1p,36550,0.7793481565189334,0.9048114671076785,0.9048114671076785
session_srpe_sum_28d_log1p,daily_load_sum_7d,36550,0.7793481565189334,0.9048114671076785,0.9048114671076785
daily_load_sum_14d,daily_load_sum_14d,36550,1.0,1.0,1.0
daily_load_sum_14d,daily_load_sum_28d,36550,0.9560671862366652,0.9575650438655646,0.9575650438655646
daily_load_sum_28d,daily_load_sum_14d,36550,0.9560671862366652,0.9575650438655646,0.9575650438655646
daily_load_sum_14d,session_duration_sum_3d,36550,0.8358644359132612,0.8675195400089984,0.8675195400089984
session_duration_sum_3d,daily_load_sum_14d,36550,0.8358644359132612,0.8675195400089984,0.8675195400089984
daily_load_sum_14d,session_duration_sum_7d,36550,0.9352767619876756,0.9414826499252096,0.9414826499252096
session_duration_sum_7d,daily_load_sum_14d,36550,0.9352767619876756,0.9414826499252096,0.9414826499252096
daily_load_sum_14d,session_duration_sum_14d,36550,0.9768108996339067,0.9811308770046395,0.9811308770046395
session_duration_sum_14d,daily_load_sum_14d,36550,0.9768108996339067,0.9811308770046395,0.9811308770046395
daily_load_sum_14d,session_duration_sum_28d,36550,0.9356745485804454,0.9409211445632903,0.9409211445632903
session_duration_sum_28d,daily_load_sum_14d,36550,0.9356745485804454,0.9409211445632903,0.9409211445632903
daily_load_sum_14d,session_srpe_sum_3d,36550,0.8355152308361222,0.8739163983667698,0.8739163983667698
session_srpe_sum_3d,daily_load_sum_14d,36550,0.8355152308361222,0.8739163983667698,0.8739163983667698
daily_load_sum_14d,session_srpe_sum_7d,36550,0.9490533418896424,0.9533124064165476,0.9533124064165476
session_srpe_sum_7d,daily_load_sum_14d,36550,0.9490533418896424,0.9533124064165476,0.9533124064165476
daily_load_sum_14d,session_srpe_sum_14d,36550,0.9979586003735438,0.9989454281669905,0.9989454281669905
session_srpe_sum_14d,daily_load_sum_14d,36550,0.9979586003735438,0.9989454281669905,0.9989454281669905
daily_load_sum_14d,session_srpe_sum_28d,36550,0.9545763755092291,0.9568963708253674,0.9568963708253674
session_srpe_sum_28d,daily_load_sum_14d,36550,0.9545763755092291,0.9568963708253674,0.9568963708253674
daily_load_sum_14d,fatigue_mean_3d,20188,-0.03256737811567213,-0.03167181902523026,0.03167181902523026
fatigue_mean_3d,daily_load_sum_14d,20188,-0.03256737811567213,-0.03167181902523026,0.03167181902523026
daily_load_sum_14d,fatigue_mean_7d,21477,-0.029520300523545297,-0.032330317622565934,0.032330317622565934
fatigue_mean_7d,daily_load_sum_14d,21477,-0.029520300523545297,-0.032330317622565934,0.032330317622565934
daily_load_sum_14d,fatigue_mean_14d,22572,-0.004695710225779482,-0.014945736796711906,0.014945736796711906
fatigue_mean_14d,daily_load_sum_14d,22572,-0.004695710225779482,-0.014945736796711906,0.014945736796711906
daily_load_sum_14d,fatigue_mean_28d,23819,0.01688159746037985,0.007065525895353598,0.007065525895353598
fatigue_mean_28d,daily_load_sum_14d,23819,0.01688159746037985,0.007065525895353598,0.007065525895353598
daily_load_sum_14d,readiness_mean_3d,20190,0.07073753868685892,0.04856614936270797,0.04856614936270797
readiness_mean_3d,daily_load_sum_14d,20190,0.07073753868685892,0.04856614936270797,0.04856614936270797
daily_load_sum_14d,readiness_mean_7d,21480,0.08357772231382019,0.06875928395560221,0.06875928395560221
readiness_mean_7d,daily_load_sum_14d,21480,0.08357772231382019,0.06875928395560221,0.06875928395560221
daily_load_sum_14d,readiness_mean_14d,22579,0.09582831582056076,0.08960330988698631,0.08960330988698631
readiness_mean_14d,daily_load_sum_14d,22579,0.09582831582056076,0.08960330988698631,0.08960330988698631
daily_load_sum_14d,readiness_mean_28d,23815,0.0908758676491793,0.09897778537473279,0.09897778537473279
readiness_mean_28d,daily_load_sum_14d,23815,0.0908758676491793,0.09897778537473279,0.09897778537473279
daily_load_sum_14d,daily_load_baseline_mean_prior,36500,0.6652277905779531,0.7033071214138734,0.7033071214138734
daily_load_baseline_mean_prior,daily_load_sum_14d,36500,0.6652277905779531,0.7033071214138734,0.7033071214138734
daily_load_sum_14d,daily_load_zscore_prior,27598,0.20622796420030773,0.34748105147615493,0.34748105147615493
daily_load_zscore_prior,daily_load_sum_14d,27598,0.20622796420030773,0.34748105147615493,0.34748105147615493
daily_load_sum_14d,fatigue_baseline_mean_prior,27327,0.029268927792242903,-0.0011950931565239194,0.0011950931565239194
fatigue_baseline_mean_prior,daily_load_sum_14d,27327,0.029268927792242903,-0.0011950931565239194,0.0011950931565239194
daily_load_sum_14d,fatigue_zscore_prior,16806,-0.02836860496521607,-0.029671433574582115,0.029671433574582115
fatigue_zscore_prior,daily_load_sum_14d,16806,-0.02836860496521607,-0.029671433574582115,0.029671433574582115
daily_load_sum_14d,readiness_baseline_mean_prior,27323,-0.025536371362901947,0.0017681892348981865,0.0017681892348981865
readiness_baseline_mean_prior,daily_load_sum_14d,27323,-0.025536371362901947,0.0017681892348981865,0.0017681892348981865
daily_load_sum_14d,readiness_zscore_prior,16858,0.08102448171278509,0.04813392020519985,0.04813392020519985
readiness_zscore_prior,daily_load_sum_14d,16858,0.08102448171278509,0.04813392020519985,0.04813392020519985
daily_load_sum_14d,wellness_report_present,36550,0.7243054023452884,0.7403203289617938,0.7403203289617938
wellness_report_present,daily_load_sum_14d,36550,0.7243054023452884,0.7403203289617938,0.7403203289617938
daily_load_sum_14d,session_recorded,36550,0.6883735606962098,0.6963016144685037,0.6963016144685037
session_recorded,daily_load_sum_14d,36550,0.6883735606962098,0.6963016144685037,0.6963016144685037
daily_load_sum_14d,daily_load_log1p,36550,0.6949319335479738,0.6940573864735896,0.6940573864735896
daily_load_log1p,daily_load_sum_14d,36550,0.6949319335479738,0.6940573864735896,0.6940573864735896
daily_load_sum_14d,session_duration_minutes_log1p,36550,0.6940422764408111,0.6930861348794357,0.6930861348794357
session_duration_minutes_log1p,daily_load_sum_14d,36550,0.6940422764408111,0.6930861348794357,0.6930861348794357
daily_load_sum_14d,session_srpe_log1p,36550,0.6943665101976371,0.6929567844777138,0.6929567844777138
session_srpe_log1p,daily_load_sum_14d,36550,0.6943665101976371,0.6929567844777138,0.6929567844777138
daily_load_sum_14d,daily_load_sum_3d_log1p,36550,0.8581452483018959,0.8754507264411225,0.8754507264411225
daily_load_sum_3d_log1p,daily_load_sum_14d,36550,0.8581452483018959,0.8754507264411225,0.8754507264411225
daily_load_sum_14d,daily_load_sum_7d_log1p,36550,0.8837621339035524,0.9551151247907891,0.9551151247907891
daily_load_sum_7d_log1p,daily_load_sum_14d,36550,0.8837621339035524,0.9551151247907891,0.9551151247907891
daily_load_sum_14d,daily_load_sum_14d_log1p,36550,0.8744057187573206,1.0,1.0
daily_load_sum_14d_log1p,daily_load_sum_14d,36550,0.8744057187573206,1.0,1.0
daily_load_sum_14d,daily_load_sum_28d_log1p,36550,0.8213835952141609,0.9575650438655646,0.9575650438655646
daily_load_sum_28d_log1p,daily_load_sum_14d,36550,0.8213835952141609,0.9575650438655646,0.9575650438655646
daily_load_sum_14d,session_duration_sum_3d_log1p,36550,0.8589558681639827,0.8675195400089984,0.8675195400089984
session_duration_sum_3d_log1p,daily_load_sum_14d,36550,0.8589558681639827,0.8675195400089984,0.8675195400089984
daily_load_sum_14d,session_duration_sum_7d_log1p,36550,0.8884138371752944,0.9414826499252096,0.9414826499252096
session_duration_sum_7d_log1p,daily_load_sum_14d,36550,0.8884138371752944,0.9414826499252096,0.9414826499252096
daily_load_sum_14d,session_duration_sum_14d_log1p,36550,0.8828316818469508,0.9811308770046395,0.9811308770046395
session_duration_sum_14d_log1p,daily_load_sum_14d,36550,0.8828316818469508,0.9811308770046395,0.9811308770046395
daily_load_sum_14d,session_duration_sum_28d_log1p,36550,0.8322283041736998,0.9409211445632903,0.9409211445632903
session_duration_sum_28d_log1p,daily_load_sum_14d,36550,0.8322283041736998,0.9409211445632903,0.9409211445632903
daily_load_sum_14d,session_srpe_sum_3d_log1p,36550,0.8575370341632824,0.8739163983667698,0.8739163983667698
session_srpe_sum_3d_log1p,daily_load_sum_14d,36550,0.8575370341632824,0.8739163983667698,0.8739163983667698
daily_load_sum_14d,session_srpe_sum_7d_log1p,36550,0.88311608782637,0.9533124064165476,0.9533124064165476
session_srpe_sum_7d_log1p,daily_load_sum_14d,36550,0.88311608782637,0.9533124064165476,0.9533124064165476
daily_load_sum_14d,session_srpe_sum_14d_log1p,36550,0.8737867062310971,0.9989454281669905,0.9989454281669905
session_srpe_sum_14d_log1p,daily_load_sum_14d,36550,0.8737867062310971,0.9989454281669905,0.9989454281669905
daily_load_sum_14d,session_srpe_sum_28d_log1p,36550,0.8208541183331935,0.9568963708253674,0.9568963708253674
session_srpe_sum_28d_log1p,daily_load_sum_14d,36550,0.8208541183331935,0.9568963708253674,0.9568963708253674
daily_load_sum_28d,daily_load_sum_28d,36550,1.0,1.0,1.0
daily_load_sum_28d,session_duration_sum_3d,36550,0.7889144954764754,0.825653853675665,0.825653853675665
session_duration_sum_3d,daily_load_sum_28d,36550,0.7889144954764754,0.825653853675665,0.825653853675665
daily_load_sum_28d,session_duration_sum_7d,36550,0.8841619673239489,0.8955123844551752,0.8955123844551752
session_duration_sum_7d,daily_load_sum_28d,36550,0.8841619673239489,0.8955123844551752,0.8955123844551752
daily_load_sum_28d,session_duration_sum_14d,36550,0.9398295028343023,0.9438098307740895,0.9438098307740895
session_duration_sum_14d,daily_load_sum_28d,36550,0.9398295028343023,0.9438098307740895,0.9438098307740895
daily_load_sum_28d,session_duration_sum_28d,36550,0.9790285770282864,0.9819287455389731,0.9819287455389731
session_duration_sum_28d,daily_load_sum_28d,36550,0.9790285770282864,0.9819287455389731,0.9819287455389731
daily_load_sum_28d,session_srpe_sum_3d,36550,0.7834991869439929,0.8295939580672017,0.8295939580672017
session_srpe_sum_3d,daily_load_sum_28d,36550,0.7834991869439929,0.8295939580672017,0.8295939580672017
daily_load_sum_28d,session_srpe_sum_7d,36550,0.8910892704937572,0.9030354554429627,0.9030354554429627
session_srpe_sum_7d,daily_load_sum_28d,36550,0.8910892704937572,0.9030354554429627,0.9030354554429627
daily_load_sum_28d,session_srpe_sum_14d,36550,0.9536121150392277,0.955867201852473,0.955867201852473
session_srpe_sum_14d,daily_load_sum_28d,36550,0.9536121150392277,0.955867201852473,0.955867201852473
daily_load_sum_28d,session_srpe_sum_28d,36550,0.9981616852182337,0.9991174430726256,0.9991174430726256
session_srpe_sum_28d,daily_load_sum_28d,36550,0.9981616852182337,0.9991174430726256,0.9991174430726256
daily_load_sum_28d,fatigue_mean_3d,20188,-0.030167634605581795,-0.02674000893833918,0.02674000893833918
fatigue_mean_3d,daily_load_sum_28d,20188,-0.030167634605581795,-0.02674000893833918,0.02674000893833918
daily_load_sum_28d,fatigue_mean_7d,21477,-0.03023212450182011,-0.027176567969189713,0.027176567969189713
fatigue_mean_7d,daily_load_sum_28d,21477,-0.03023212450182011,-0.027176567969189713,0.027176567969189713
daily_load_sum_28d,fatigue_mean_14d,22572,-0.015862969501446493,-0.02143720171187461,0.02143720171187461
fatigue_mean_14d,daily_load_sum_28d,22572,-0.015862969501446493,-0.02143720171187461,0.02143720171187461
daily_load_sum_28d,fatigue_mean_28d,23819,0.004528028802864717,-0.00401876891832258,0.00401876891832258
fatigue_mean_28d,daily_load_sum_28d,23819,0.004528028802864717,-0.00401876891832258,0.00401876891832258
daily_load_sum_28d,readiness_mean_3d,20190,0.05108201238367198,0.040412051139140696,0.040412051139140696
readiness_mean_3d,daily_load_sum_28d,20190,0.05108201238367198,0.040412051139140696,0.040412051139140696
daily_load_sum_28d,readiness_mean_7d,21480,0.057920861561349485,0.05715623721865653,0.05715623721865653
readiness_mean_7d,daily_load_sum_28d,21480,0.057920861561349485,0.05715623721865653,0.05715623721865653
daily_load_sum_28d,readiness_mean_14d,22579,0.0692532933940681,0.07299694853255756,0.07299694853255756
readiness_mean_14d,daily_load_sum_28d,22579,0.0692532933940681,0.07299694853255756,0.07299694853255756
daily_load_sum_28d,readiness_mean_28d,23815,0.08177480422643424,0.09347406661424455,0.09347406661424455
readiness_mean_28d,daily_load_sum_28d,23815,0.08177480422643424,0.09347406661424455,0.09347406661424455
daily_load_sum_28d,daily_load_baseline_mean_prior,36500,0.7162676016113494,0.7507475615770393,0.7507475615770393
daily_load_baseline_mean_prior,daily_load_sum_28d,36500,0.7162676016113494,0.7507475615770393,0.7507475615770393
daily_load_sum_28d,daily_load_zscore_prior,27598,0.13259761156576416,0.2657197073961686,0.2657197073961686
daily_load_zscore_prior,daily_load_sum_28d,27598,0.13259761156576416,0.2657197073961686,0.2657197073961686
daily_load_sum_28d,fatigue_baseline_mean_prior,27327,0.023962015911480707,-0.0066762646718386606,0.0066762646718386606
fatigue_baseline_mean_prior,daily_load_sum_28d,27327,0.023962015911480707,-0.0066762646718386606,0.0066762646718386606
daily_load_sum_28d,fatigue_zscore_prior,16806,-0.020952111717389872,-0.01458956433035708,0.01458956433035708
fatigue_zscore_prior,daily_load_sum_28d,16806,-0.020952111717389872,-0.01458956433035708,0.01458956433035708
daily_load_sum_28d,readiness_baseline_mean_prior,27323,-0.03158235181770231,-0.0011355558544528337,0.0011355558544528337
readiness_baseline_mean_prior,daily_load_sum_28d,27323,-0.03158235181770231,-0.0011355558544528337,0.0011355558544528337
daily_load_sum_28d,readiness_zscore_prior,16858,0.07646123147467446,0.05164510156239374,0.05164510156239374
readiness_zscore_prior,daily_load_sum_28d,16858,0.07646123147467446,0.05164510156239374,0.05164510156239374
daily_load_sum_28d,wellness_report_present,36550,0.7099295883067426,0.7229116264204982,0.7229116264204982
wellness_report_present,daily_load_sum_28d,36550,0.7099295883067426,0.7229116264204982,0.7229116264204982
daily_load_sum_28d,session_recorded,36550,0.6594805409757348,0.6667172454537132,0.6667172454537132
session_recorded,daily_load_sum_28d,36550,0.6594805409757348,0.6667172454537132,0.6667172454537132
daily_load_sum_28d,daily_load_log1p,36550,0.6629469871878353,0.6597543355570147,0.6597543355570147
daily_load_log1p,daily_load_sum_28d,36550,0.6629469871878353,0.6597543355570147,0.6597543355570147
daily_load_sum_28d,session_duration_minutes_log1p,36550,0.6624019714095607,0.6591994083968208,0.6591994083968208
session_duration_minutes_log1p,daily_load_sum_28d,36550,0.6624019714095607,0.6591994083968208,0.6591994083968208
daily_load_sum_28d,session_srpe_log1p,36550,0.6623659336498765,0.6585909592381927,0.6585909592381927
session_srpe_log1p,daily_load_sum_28d,36550,0.6623659336498765,0.6585909592381927,0.6585909592381927
daily_load_sum_28d,daily_load_sum_3d_log1p,36550,0.824424310404128,0.8312967029854664,0.8312967029854664
daily_load_sum_3d_log1p,daily_load_sum_28d,36550,0.824424310404128,0.8312967029854664,0.8312967029854664
daily_load_sum_28d,daily_load_sum_7d_log1p,36550,0.8571941446472238,0.9052300056160605,0.9052300056160605
daily_load_sum_7d_log1p,daily_load_sum_28d,36550,0.8571941446472238,0.9052300056160605,0.9052300056160605
daily_load_sum_28d,daily_load_sum_14d_log1p,36550,0.8676433356105602,0.9575650438655646,0.9575650438655646
daily_load_sum_14d_log1p,daily_load_sum_28d,36550,0.8676433356105602,0.9575650438655646,0.9575650438655646
daily_load_sum_28d,daily_load_sum_28d_log1p,36550,0.854499413202254,1.0,1.0
daily_load_sum_28d_log1p,daily_load_sum_28d,36550,0.854499413202254,1.0,1.0
daily_load_sum_28d,session_duration_sum_3d_log1p,36550,0.8253286904328164,0.825653853675665,0.825653853675665
session_duration_sum_3d_log1p,daily_load_sum_28d,36550,0.8253286904328164,0.825653853675665,0.825653853675665
daily_load_sum_28d,session_duration_sum_7d_log1p,36550,0.8613165645653548,0.8955123844551752,0.8955123844551752
session_duration_sum_7d_log1p,daily_load_sum_28d,36550,0.8613165645653548,0.8955123844551752,0.8955123844551752
daily_load_sum_28d,session_duration_sum_14d_log1p,36550,0.8751502249522737,0.9438098307740895,0.9438098307740895
session_duration_sum_14d_log1p,daily_load_sum_28d,36550,0.8751502249522737,0.9438098307740895,0.9438098307740895
daily_load_sum_28d,session_duration_sum_28d_log1p,36550,0.8659613590005709,0.9819287455389731,0.9819287455389731
session_duration_sum_28d_log1p,daily_load_sum_28d,36550,0.8659613590005709,0.9819287455389731,0.9819287455389731
daily_load_sum_28d,session_srpe_sum_3d_log1p,36550,0.823793707822417,0.8295939580672017,0.8295939580672017
session_srpe_sum_3d_log1p,daily_load_sum_28d,36550,0.823793707822417,0.8295939580672017,0.8295939580672017
daily_load_sum_28d,session_srpe_sum_7d_log1p,36550,0.856528528961725,0.9030354554429627,0.9030354554429627
session_srpe_sum_7d_log1p,daily_load_sum_28d,36550,0.856528528961725,0.9030354554429627,0.9030354554429627
daily_load_sum_28d,session_srpe_sum_14d_log1p,36550,0.866991499279718,0.955867201852473,0.955867201852473
session_srpe_sum_14d_log1p,daily_load_sum_28d,36550,0.866991499279718,0.955867201852473,0.955867201852473
daily_load_sum_28d,session_srpe_sum_28d_log1p,36550,0.8538884950722595,0.9991174430726256,0.9991174430726256
session_srpe_sum_28d_log1p,daily_load_sum_28d,36550,0.8538884950722595,0.9991174430726256,0.9991174430726256
session_duration_sum_3d,session_duration_sum_3d,36550,1.0,1.0,1.0
session_duration_sum_3d,session_duration_sum_7d,36550,0.9054721015938729,0.9240295738415558,0.9240295738415558
session_duration_sum_7d,session_duration_sum_3d,36550,0.9054721015938729,0.9240295738415558,0.9240295738415558
session_duration_sum_3d,session_duration_sum_14d,36550,0.8554066941815794,0.8802638035213772,0.8802638035213772
session_duration_sum_14d,session_duration_sum_3d,36550,0.8554066941815794,0.8802638035213772,0.8802638035213772
session_duration_sum_3d,session_duration_sum_28d,36550,0.8061986456326924,0.8373810699802243,0.8373810699802243
session_duration_sum_28d,session_duration_sum_3d,36550,0.8061986456326924,0.8373810699802243,0.8373810699802243
session_duration_sum_3d,session_srpe_sum_3d,36550,0.968590334602876,0.9839182591996215,0.9839182591996215
session_srpe_sum_3d,session_duration_sum_3d,36550,0.968590334602876,0.9839182591996215,0.9839182591996215
session_duration_sum_3d,session_srpe_sum_7d,36550,0.8848112284778422,0.9112826139972134,0.9112826139972134
session_srpe_sum_7d,session_duration_sum_3d,36550,0.8848112284778422,0.9112826139972134,0.9112826139972134
session_duration_sum_3d,session_srpe_sum_14d,36550,0.8390804286256137,0.8688603504663734,0.8688603504663734
session_srpe_sum_14d,session_duration_sum_3d,36550,0.8390804286256137,0.8688603504663734,0.8688603504663734
session_duration_sum_3d,session_srpe_sum_28d,36550,0.7920346345874896,0.8269918303317261,0.8269918303317261
session_srpe_sum_28d,session_duration_sum_3d,36550,0.7920346345874896,0.8269918303317261,0.8269918303317261
session_duration_sum_3d,fatigue_mean_3d,20188,0.055326370225581185,0.049249642546136,0.049249642546136
fatigue_mean_3d,session_duration_sum_3d,20188,0.055326370225581185,0.049249642546136,0.049249642546136
session_duration_sum_3d,fatigue_mean_7d,21477,0.07146708001260618,0.06976511269325004,0.06976511269325004
fatigue_mean_7d,session_duration_sum_3d,21477,0.07146708001260618,0.06976511269325004,0.06976511269325004
session_duration_sum_3d,fatigue_mean_14d,22572,0.07519943245305322,0.07303044260191273,0.07303044260191273
fatigue_mean_14d,session_duration_sum_3d,22572,0.07519943245305322,0.07303044260191273,0.07303044260191273
session_duration_sum_3d,fatigue_mean_28d,23819,0.0798062554168963,0.07562374321911906,0.07562374321911906
fatigue_mean_28d,session_duration_sum_3d,23819,0.0798062554168963,0.07562374321911906,0.07562374321911906
session_duration_sum_3d,readiness_mean_3d,20190,0.13383325158783396,0.11081585041159367,0.11081585041159367
readiness_mean_3d,session_duration_sum_3d,20190,0.13383325158783396,0.11081585041159367,0.11081585041159367
session_duration_sum_3d,readiness_mean_7d,21480,0.12672767649987426,0.12010817810244152,0.12010817810244152
readiness_mean_7d,session_duration_sum_3d,21480,0.12672767649987426,0.12010817810244152,0.12010817810244152
session_duration_sum_3d,readiness_mean_14d,22579,0.11393226599567575,0.11906222907733455,0.11906222907733455
readiness_mean_14d,session_duration_sum_3d,22579,0.11393226599567575,0.11906222907733455,0.11906222907733455
session_duration_sum_3d,readiness_mean_28d,23815,0.10153720056576737,0.11624782950080977,0.11624782950080977
readiness_mean_28d,session_duration_sum_3d,23815,0.10153720056576737,0.11624782950080977,0.11624782950080977
session_duration_sum_3d,daily_load_baseline_mean_prior,36500,0.5318543185782943,0.5977495933398084,0.5977495933398084
daily_load_baseline_mean_prior,session_duration_sum_3d,36500,0.5318543185782943,0.5977495933398084,0.5977495933398084
session_duration_sum_3d,daily_load_zscore_prior,27598,0.38882004006782284,0.5476670003871165,0.5476670003871165
daily_load_zscore_prior,session_duration_sum_3d,27598,0.38882004006782284,0.5476670003871165,0.5476670003871165
session_duration_sum_3d,fatigue_baseline_mean_prior,27327,0.07532018858375392,0.05228702452755989,0.05228702452755989
fatigue_baseline_mean_prior,session_duration_sum_3d,27327,0.07532018858375392,0.05228702452755989,0.05228702452755989
session_duration_sum_3d,fatigue_zscore_prior,16806,-0.02073338137776915,-0.04252970591275297,0.04252970591275297
fatigue_zscore_prior,session_duration_sum_3d,16806,-0.02073338137776915,-0.04252970591275297,0.04252970591275297
session_duration_sum_3d,readiness_baseline_mean_prior,27323,0.004785188950942187,0.022031015343722437,0.022031015343722437
readiness_baseline_mean_prior,session_duration_sum_3d,27323,0.004785188950942187,0.022031015343722437,0.022031015343722437
session_duration_sum_3d,readiness_zscore_prior,16858,0.08548381543223504,0.04176131031992732,0.04176131031992732
readiness_zscore_prior,session_duration_sum_3d,16858,0.08548381543223504,0.04176131031992732,0.04176131031992732
session_duration_sum_3d,wellness_report_present,36550,0.6991512055326968,0.7439388745082377,0.7439388745082377
wellness_report_present,session_duration_sum_3d,36550,0.6991512055326968,0.7439388745082377,0.7439388745082377
session_duration_sum_3d,session_recorded,36550,0.7748132035097003,0.7959573937618206,0.7959573937618206
session_recorded,session_duration_sum_3d,36550,0.7748132035097003,0.7959573937618206,0.7959573937618206
session_duration_sum_3d,daily_load_log1p,36550,0.7864531313573057,0.793738346085941,0.793738346085941
daily_load_log1p,session_duration_sum_3d,36550,0.7864531313573057,0.793738346085941,0.793738346085941
session_duration_sum_3d,session_duration_minutes_log1p,36550,0.7930164838100785,0.8041112048094878,0.8041112048094878
session_duration_minutes_log1p,session_duration_sum_3d,36550,0.7930164838100785,0.8041112048094878,0.8041112048094878
session_duration_sum_3d,session_srpe_log1p,36550,0.7865691001465712,0.7938207652534605,0.7938207652534605
session_srpe_log1p,session_duration_sum_3d,36550,0.7865691001465712,0.7938207652534605,0.7938207652534605
session_duration_sum_3d,daily_load_sum_3d_log1p,36550,0.8923572991279908,0.9826815076147595,0.9826815076147595
daily_load_sum_3d_log1p,session_duration_sum_3d,36550,0.8923572991279908,0.9826815076147595,0.9826815076147595
session_duration_sum_3d,daily_load_sum_7d_log1p,36550,0.8128068767311185,0.9098371876620817,0.9098371876620817
daily_load_sum_7d_log1p,session_duration_sum_3d,36550,0.8128068767311185,0.9098371876620817,0.9098371876620817
session_duration_sum_3d,daily_load_sum_14d_log1p,36550,0.7634827790659829,0.8675195400089982,0.8675195400089982
daily_load_sum_14d_log1p,session_duration_sum_3d,36550,0.7634827790659829,0.8675195400089982,0.8675195400089982
session_duration_sum_3d,daily_load_sum_28d_log1p,36550,0.7142640065600381,0.8256538536756651,0.8256538536756651
daily_load_sum_28d_log1p,session_duration_sum_3d,36550,0.7142640065600381,0.8256538536756651,0.8256538536756651
session_duration_sum_3d,session_duration_sum_3d_log1p,36550,0.9060214456898482,1.0,1.0
session_duration_sum_3d_log1p,session_duration_sum_3d,36550,0.9060214456898482,1.0,1.0
session_duration_sum_3d,session_duration_sum_7d_log1p,36550,0.824859318820124,0.9240295738415558,0.9240295738415558
session_duration_sum_7d_log1p,session_duration_sum_3d,36550,0.824859318820124,0.9240295738415558,0.9240295738415558
session_duration_sum_3d,session_duration_sum_14d_log1p,36550,0.775762160101223,0.8802638035213772,0.8802638035213772
session_duration_sum_14d_log1p,session_duration_sum_3d,36550,0.775762160101223,0.8802638035213772,0.8802638035213772
session_duration_sum_3d,session_duration_sum_28d_log1p,36550,0.7267694918398994,0.8373810699802243,0.8373810699802243
session_duration_sum_28d_log1p,session_duration_sum_3d,36550,0.7267694918398994,0.8373810699802243,0.8373810699802243
session_duration_sum_3d,session_srpe_sum_3d_log1p,36550,0.8925323057111223,0.9839182591996215,0.9839182591996215
session_srpe_sum_3d_log1p,session_duration_sum_3d,36550,0.8925323057111223,0.9839182591996215,0.9839182591996215
session_duration_sum_3d,session_srpe_sum_7d_log1p,36550,0.8129107100435179,0.9112826139972134,0.9112826139972134
session_srpe_sum_7d_log1p,session_duration_sum_3d,36550,0.8129107100435179,0.9112826139972134,0.9112826139972134
session_duration_sum_3d,session_srpe_sum_14d_log1p,36550,0.7635058164803867,0.8688603504663734,0.8688603504663734
session_srpe_sum_14d_log1p,session_duration_sum_3d,36550,0.7635058164803867,0.8688603504663734,0.8688603504663734
session_duration_sum_3d,session_srpe_sum_28d_log1p,36550,0.7142625381289286,0.8269918303317261,0.8269918303317261
session_srpe_sum_28d_log1p,session_duration_sum_3d,36550,0.7142625381289286,0.8269918303317261,0.8269918303317261
session_duration_sum_7d,session_duration_sum_7d,36550,1.0,1.0,1.0
session_duration_sum_7d,session_duration_sum_14d,36550,0.9569089072988304,0.957246707659083,0.957246707659083
session_duration_sum_14d,session_duration_sum_7d,36550,0.9569089072988304,0.957246707659083,0.957246707659083
session_duration_sum_7d,session_duration_sum_28d,36550,0.9031781378080955,0.9096994325040203,0.9096994325040203
session_duration_sum_28d,session_duration_sum_7d,36550,0.9031781378080955,0.9096994325040203,0.9096994325040203
session_duration_sum_7d,session_srpe_sum_3d,36550,0.8717604505772175,0.9102609605661512,0.9102609605661512
session_srpe_sum_3d,session_duration_sum_7d,36550,0.8717604505772175,0.9102609605661512,0.9102609605661512
session_duration_sum_7d,session_srpe_sum_7d,36550,0.9768605013269904,0.9825570871432858,0.9825570871432858
session_srpe_sum_7d,session_duration_sum_7d,36550,0.9768605013269904,0.9825570871432858,0.9825570871432858
session_duration_sum_7d,session_srpe_sum_14d,36550,0.9388163913390729,0.9433123696126666,0.9433123696126666
session_srpe_sum_14d,session_duration_sum_7d,36550,0.9388163913390729,0.9433123696126666,0.9433123696126666
session_duration_sum_7d,session_srpe_sum_28d,36550,0.887641624429278,0.8972791182598276,0.8972791182598276
session_srpe_sum_28d,session_duration_sum_7d,36550,0.887641624429278,0.8972791182598276,0.8972791182598276
session_duration_sum_7d,fatigue_mean_3d,20188,0.042490002306961996,0.04240539139235993,0.04240539139235993
fatigue_mean_3d,session_duration_sum_7d,20188,0.042490002306961996,0.04240539139235993,0.04240539139235993
session_duration_sum_7d,fatigue_mean_7d,21477,0.06339880399111796,0.06481956305918828,0.06481956305918828
fatigue_mean_7d,session_duration_sum_7d,21477,0.06339880399111796,0.06481956305918828,0.06481956305918828
session_duration_sum_7d,fatigue_mean_14d,22572,0.07931096459278839,0.08004742521992543,0.08004742521992543
fatigue_mean_14d,session_duration_sum_7d,22572,0.07931096459278839,0.08004742521992543,0.08004742521992543
session_duration_sum_7d,fatigue_mean_28d,23819,0.08768517098497265,0.08712254672343166,0.08712254672343166
fatigue_mean_28d,session_duration_sum_7d,23819,0.08768517098497265,0.08712254672343166,0.08712254672343166
session_duration_sum_7d,readiness_mean_3d,20190,0.12633818475341743,0.10250150320031086,0.10250150320031086
readiness_mean_3d,session_duration_sum_7d,20190,0.12633818475341743,0.10250150320031086,0.10250150320031086
session_duration_sum_7d,readiness_mean_7d,21480,0.14276651448528976,0.12842884421518513,0.12842884421518513
readiness_mean_7d,session_duration_sum_7d,21480,0.14276651448528976,0.12842884421518513,0.12842884421518513
session_duration_sum_7d,readiness_mean_14d,22579,0.13171840279864308,0.13274670715142714,0.13274670715142714
readiness_mean_14d,session_duration_sum_7d,22579,0.13171840279864308,0.13274670715142714,0.13274670715142714
session_duration_sum_7d,readiness_mean_28d,23815,0.11697897312782778,0.13075221444623072,0.13075221444623072
readiness_mean_28d,session_duration_sum_7d,23815,0.11697897312782778,0.13075221444623072,0.13075221444623072
session_duration_sum_7d,daily_load_baseline_mean_prior,36500,0.5962533328793912,0.6393690025224344,0.6393690025224344
daily_load_baseline_mean_prior,session_duration_sum_7d,36500,0.5962533328793912,0.6393690025224344,0.6393690025224344
session_duration_sum_7d,daily_load_zscore_prior,27598,0.28461729113221085,0.44110180560924767,0.44110180560924767
daily_load_zscore_prior,session_duration_sum_7d,27598,0.28461729113221085,0.44110180560924767,0.44110180560924767
session_duration_sum_7d,fatigue_baseline_mean_prior,27327,0.08113012006487337,0.060817859644999646,0.060817859644999646
fatigue_baseline_mean_prior,session_duration_sum_7d,27327,0.08113012006487337,0.060817859644999646,0.060817859644999646
session_duration_sum_7d,fatigue_zscore_prior,16806,-0.018986805669504347,-0.03167155194734604,0.03167155194734604
fatigue_zscore_prior,session_duration_sum_7d,16806,-0.018986805669504347,-0.03167155194734604,0.03167155194734604
session_duration_sum_7d,readiness_baseline_mean_prior,27323,0.0014482373380581158,0.02134410621256683,0.02134410621256683
readiness_baseline_mean_prior,session_duration_sum_7d,27323,0.0014482373380581158,0.02134410621256683,0.02134410621256683
session_duration_sum_7d,readiness_zscore_prior,16858,0.09724024788117244,0.06095125653710162,0.06095125653710162
readiness_zscore_prior,session_duration_sum_7d,16858,0.09724024788117244,0.06095125653710162,0.06095125653710162
session_duration_sum_7d,wellness_report_present,36550,0.7364966860882376,0.7535350195801128,0.7535350195801128
wellness_report_present,session_duration_sum_7d,36550,0.7364966860882376,0.7535350195801128,0.7535350195801128
session_duration_sum_7d,session_recorded,36550,0.7374570701406576,0.7433918121600167,0.7433918121600167
session_recorded,session_duration_sum_7d,36550,0.7374570701406576,0.7433918121600167,0.7433918121600167
session_duration_sum_7d,daily_load_log1p,36550,0.7399211319021325,0.7328278177667831,0.7328278177667831
daily_load_log1p,session_duration_sum_7d,36550,0.7399211319021325,0.7328278177667831,0.7328278177667831
session_duration_sum_7d,session_duration_minutes_log1p,36550,0.7456153597506039,0.7431334745467548,0.7431334745467548
session_duration_minutes_log1p,session_duration_sum_7d,36550,0.7456153597506039,0.7431334745467548,0.7431334745467548
session_duration_sum_7d,session_srpe_log1p,36550,0.7400261592584672,0.7329819549143186,0.7329819549143186
session_srpe_log1p,session_duration_sum_7d,36550,0.7400261592584672,0.7329819549143186,0.7329819549143186
session_duration_sum_7d,daily_load_sum_3d_log1p,36550,0.8929683003543507,0.9095628006348724,0.9095628006348724
daily_load_sum_3d_log1p,session_duration_sum_7d,36550,0.8929683003543507,0.9095628006348724,0.9095628006348724
session_duration_sum_7d,daily_load_sum_7d_log1p,36550,0.896143686156434,0.9805442549113764,0.9805442549113764
daily_load_sum_7d_log1p,session_duration_sum_7d,36550,0.896143686156434,0.9805442549113764,0.9805442549113764
session_duration_sum_7d,daily_load_sum_14d_log1p,36550,0.8451911453329816,0.9414826499252097,0.9414826499252097
daily_load_sum_14d_log1p,session_duration_sum_7d,36550,0.8451911453329816,0.9414826499252097,0.9414826499252097
session_duration_sum_7d,daily_load_sum_28d_log1p,36550,0.7911441527062645,0.8955123844551751,0.8955123844551751
daily_load_sum_28d_log1p,session_duration_sum_7d,36550,0.7911441527062645,0.8955123844551751,0.8955123844551751
session_duration_sum_7d,session_duration_sum_3d_log1p,36550,0.9019553414937141,0.9240295738415558,0.9240295738415558
session_duration_sum_3d_log1p,session_duration_sum_7d,36550,0.9019553414937141,0.9240295738415558,0.9240295738415558
session_duration_sum_7d,session_duration_sum_7d_log1p,36550,0.909487942134837,1.0,1.0
session_duration_sum_7d_log1p,session_duration_sum_7d,36550,0.909487942134837,1.0,1.0
session_duration_sum_7d,session_duration_sum_14d_log1p,36550,0.8595803320140261,0.957246707659083,0.957246707659083
session_duration_sum_14d_log1p,session_duration_sum_7d,36550,0.8595803320140261,0.957246707659083,0.957246707659083
session_duration_sum_7d,session_duration_sum_28d_log1p,36550,0.8058593137923389,0.9096994325040203,0.9096994325040203
session_duration_sum_28d_log1p,session_duration_sum_7d,36550,0.8058593137923389,0.9096994325040203,0.9096994325040203
session_duration_sum_7d,session_srpe_sum_3d_log1p,36550,0.8930718458738857,0.9102609605661512,0.9102609605661512
session_srpe_sum_3d_log1p,session_duration_sum_7d,36550,0.8930718458738857,0.9102609605661512,0.9102609605661512
session_duration_sum_7d,session_srpe_sum_7d_log1p,36550,0.8962372640574015,0.9825570871432858,0.9825570871432858
session_srpe_sum_7d_log1p,session_duration_sum_7d,36550,0.8962372640574015,0.9825570871432858,0.9825570871432858
session_duration_sum_7d,session_srpe_sum_14d_log1p,36550,0.8451985376223325,0.9433123696126666,0.9433123696126666
session_srpe_sum_14d_log1p,session_duration_sum_7d,36550,0.8451985376223325,0.9433123696126666,0.9433123696126666
session_duration_sum_7d,session_srpe_sum_28d_log1p,36550,0.791129739828373,0.8972791182598276,0.8972791182598276
session_srpe_sum_28d_log1p,session_duration_sum_7d,36550,0.791129739828373,0.8972791182598276,0.8972791182598276
session_duration_sum_14d,session_duration_sum_14d,36550,1.0,1.0,1.0
session_duration_sum_14d,session_duration_sum_28d,36550,0.959751255064526,0.9596815175488669,0.9596815175488669
session_duration_sum_28d,session_duration_sum_14d,36550,0.959751255064526,0.9596815175488669,0.9596815175488669
session_duration_sum_14d,session_srpe_sum_3d,36550,0.8202311483027257,0.8660583229461684,0.8660583229461684
session_srpe_sum_3d,session_duration_sum_14d,36550,0.8202311483027257,0.8660583229461684,0.8660583229461684
session_duration_sum_14d,session_srpe_sum_7d,36550,0.9317254430505418,0.9393628848120601,0.9393628848120601
session_srpe_sum_7d,session_duration_sum_14d,36550,0.9317254430505418,0.9393628848120601,0.9393628848120601
session_duration_sum_14d,session_srpe_sum_14d,36550,0.9804371133414349,0.9831336820296487,0.9831336820296487
session_srpe_sum_14d,session_duration_sum_14d,36550,0.9804371133414349,0.9831336820296487,0.9831336820296487
session_duration_sum_14d,session_srpe_sum_28d,36550,0.9434577290719306,0.9456523424998343,0.9456523424998343
session_srpe_sum_28d,session_duration_sum_14d,36550,0.9434577290719306,0.9456523424998343,0.9456523424998343
session_duration_sum_14d,fatigue_mean_3d,20188,0.04482137286538831,0.04932983658943574,0.04932983658943574
fatigue_mean_3d,session_duration_sum_14d,20188,0.04482137286538831,0.04932983658943574,0.04932983658943574
session_duration_sum_14d,fatigue_mean_7d,21477,0.05324749418101424,0.05812065201247778,0.05812065201247778
fatigue_mean_7d,session_duration_sum_14d,21477,0.05324749418101424,0.05812065201247778,0.05812065201247778
session_duration_sum_14d,fatigue_mean_14d,22572,0.07465674807743965,0.07462097665917473,0.07462097665917473
fatigue_mean_14d,session_duration_sum_14d,22572,0.07465674807743965,0.07462097665917473,0.07462097665917473
session_duration_sum_14d,fatigue_mean_28d,23819,0.08728791826147618,0.08819860495981718,0.08819860495981718
fatigue_mean_28d,session_duration_sum_14d,23819,0.08728791826147618,0.08819860495981718,0.08819860495981718
session_duration_sum_14d,readiness_mean_3d,20190,0.11149990229725705,0.10158413566918614,0.10158413566918614
readiness_mean_3d,session_duration_sum_14d,20190,0.11149990229725705,0.10158413566918614,0.10158413566918614
session_duration_sum_14d,readiness_mean_7d,21480,0.12392615773909828,0.12117091870325607,0.12117091870325607
readiness_mean_7d,session_duration_sum_14d,21480,0.12392615773909828,0.12117091870325607,0.12117091870325607
session_duration_sum_14d,readiness_mean_14d,22579,0.13178976986591348,0.13627355938417504,0.13627355938417504
readiness_mean_14d,session_duration_sum_14d,22579,0.13178976986591348,0.13627355938417504,0.13627355938417504
session_duration_sum_14d,readiness_mean_28d,23815,0.12180009593598905,0.1387890493385462,0.1387890493385462
readiness_mean_28d,session_duration_sum_14d,23815,0.12180009593598905,0.1387890493385462,0.1387890493385462
session_duration_sum_14d,daily_load_baseline_mean_prior,36500,0.6363141481211179,0.67616954802275,0.67616954802275
daily_load_baseline_mean_prior,session_duration_sum_14d,36500,0.6363141481211179,0.67616954802275,0.67616954802275
session_duration_sum_14d,daily_load_zscore_prior,27598,0.21436645936901108,0.36670186330679627,0.36670186330679627
daily_load_zscore_prior,session_duration_sum_14d,27598,0.21436645936901108,0.36670186330679627,0.36670186330679627
session_duration_sum_14d,fatigue_baseline_mean_prior,27327,0.08091016394870763,0.06211573818656154,0.06211573818656154
fatigue_baseline_mean_prior,session_duration_sum_14d,27327,0.08091016394870763,0.06211573818656154,0.06211573818656154
session_duration_sum_14d,fatigue_zscore_prior,16806,-0.008414811142041465,-0.024458880326889625,0.024458880326889625
fatigue_zscore_prior,session_duration_sum_14d,16806,-0.008414811142041465,-0.024458880326889625,0.024458880326889625
session_duration_sum_14d,readiness_baseline_mean_prior,27323,-0.002823160684376362,0.020673256127157553,0.020673256127157553
readiness_baseline_mean_prior,session_duration_sum_14d,27323,-0.002823160684376362,0.020673256127157553,0.020673256127157553
session_duration_sum_14d,readiness_zscore_prior,16858,0.09212308613357714,0.07029410254997143,0.07029410254997143
readiness_zscore_prior,session_duration_sum_14d,16858,0.09212308613357714,0.07029410254997143,0.07029410254997143
session_duration_sum_14d,wellness_report_present,36550,0.73427447234189,0.7452455705324573,0.7452455705324573
wellness_report_present,session_duration_sum_14d,36550,0.73427447234189,0.7452455705324573,0.7452455705324573
session_duration_sum_14d,session_recorded,36550,0.7079167962202348,0.7111347277766958,0.7111347277766958
session_recorded,session_duration_sum_14d,36550,0.7079167962202348,0.7111347277766958,0.7111347277766958
session_duration_sum_14d,daily_load_log1p,36550,0.7071172055477103,0.6959784953005574,0.6959784953005574
daily_load_log1p,session_duration_sum_14d,36550,0.7071172055477103,0.6959784953005574,0.6959784953005574
session_duration_sum_14d,session_duration_minutes_log1p,36550,0.7125892108234799,0.705823971940978,0.705823971940978
session_duration_minutes_log1p,session_duration_sum_14d,36550,0.7125892108234799,0.705823971940978,0.705823971940978
session_duration_sum_14d,session_srpe_log1p,36550,0.7071230947088586,0.6958914312000981,0.6958914312000981
session_srpe_log1p,session_duration_sum_14d,36550,0.7071230947088586,0.6958914312000981,0.6958914312000981
session_duration_sum_14d,daily_load_sum_3d_log1p,36550,0.8666926405593053,0.8658409220213128,0.8658409220213128
daily_load_sum_3d_log1p,session_duration_sum_14d,36550,0.8666926405593053,0.8658409220213128,0.8658409220213128
session_duration_sum_14d,daily_load_sum_7d_log1p,36550,0.8910613349514565,0.938323571626536,0.938323571626536
daily_load_sum_7d_log1p,session_duration_sum_14d,36550,0.8910613349514565,0.938323571626536,0.938323571626536
session_duration_sum_14d,daily_load_sum_14d_log1p,36550,0.8809390650388996,0.9811308770046395,0.9811308770046395
daily_load_sum_14d_log1p,session_duration_sum_14d,36550,0.8809390650388996,0.9811308770046395,0.9811308770046395
session_duration_sum_14d,daily_load_sum_28d_log1p,36550,0.8286084838583955,0.9438098307740896,0.9438098307740896
daily_load_sum_28d_log1p,session_duration_sum_14d,36550,0.8286084838583955,0.9438098307740896,0.9438098307740896
session_duration_sum_14d,session_duration_sum_3d_log1p,36550,0.8745845908614482,0.8802638035213772,0.8802638035213772
session_duration_sum_3d_log1p,session_duration_sum_14d,36550,0.8745845908614482,0.8802638035213772,0.8802638035213772
session_duration_sum_14d,session_duration_sum_7d_log1p,36550,0.9025962534503338,0.957246707659083,0.957246707659083
session_duration_sum_7d_log1p,session_duration_sum_14d,36550,0.9025962534503338,0.957246707659083,0.957246707659083
session_duration_sum_14d,session_duration_sum_14d_log1p,36550,0.8960116558853618,1.0,1.0
session_duration_sum_14d_log1p,session_duration_sum_14d,36550,0.8960116558853618,1.0,1.0
session_duration_sum_14d,session_duration_sum_28d_log1p,36550,0.8449327008805882,0.9596815175488669,0.9596815175488669
session_duration_sum_28d_log1p,session_duration_sum_14d,36550,0.8449327008805882,0.9596815175488669,0.9596815175488669
session_duration_sum_14d,session_srpe_sum_3d_log1p,36550,0.8667001384591829,0.8660583229461684,0.8660583229461684
session_srpe_sum_3d_log1p,session_duration_sum_14d,36550,0.8667001384591829,0.8660583229461684,0.8660583229461684
session_duration_sum_14d,session_srpe_sum_7d_log1p,36550,0.8910563974670784,0.9393628848120601,0.9393628848120601
session_srpe_sum_7d_log1p,session_duration_sum_14d,36550,0.8910563974670784,0.9393628848120601,0.9393628848120601
session_duration_sum_14d,session_srpe_sum_14d_log1p,36550,0.8809252498669724,0.9831336820296487,0.9831336820296487
session_srpe_sum_14d_log1p,session_duration_sum_14d,36550,0.8809252498669724,0.9831336820296487,0.9831336820296487
session_duration_sum_14d,session_srpe_sum_28d_log1p,36550,0.8285704448938694,0.9456523424998343,0.9456523424998343
session_srpe_sum_28d_log1p,session_duration_sum_14d,36550,0.8285704448938694,0.9456523424998343,0.9456523424998343
session_duration_sum_28d,session_duration_sum_28d,36550,1.0,1.0,1.0
session_duration_sum_28d,session_srpe_sum_3d,36550,0.771107739797128,0.8234958078529894,0.8234958078529894
session_srpe_sum_3d,session_duration_sum_28d,36550,0.771107739797128,0.8234958078529894,0.8234958078529894
session_duration_sum_28d,session_srpe_sum_7d,36550,0.8769212774317972,0.891735805321999,0.891735805321999
session_srpe_sum_7d,session_duration_sum_28d,36550,0.8769212774317972,0.891735805321999,0.891735805321999
session_duration_sum_28d,session_srpe_sum_14d,36550,0.9383284110494511,0.9419123852067687,0.9419123852067687
session_srpe_sum_14d,session_duration_sum_28d,36550,0.9383284110494511,0.9419123852067687,0.9419123852067687
session_duration_sum_28d,session_srpe_sum_28d,36550,0.9825220416581839,0.9838039646289103,0.9838039646289103
session_srpe_sum_28d,session_duration_sum_28d,36550,0.9825220416581839,0.9838039646289103,0.9838039646289103
session_duration_sum_28d,fatigue_mean_3d,20188,0.04353996713950942,0.05412444217351894,0.05412444217351894
fatigue_mean_3d,session_duration_sum_28d,20188,0.04353996713950942,0.05412444217351894,0.05412444217351894
session_duration_sum_28d,fatigue_mean_7d,21477,0.04984652116828403,0.06435608738336906,0.06435608738336906
fatigue_mean_7d,session_duration_sum_28d,21477,0.04984652116828403,0.06435608738336906,0.06435608738336906
session_duration_sum_28d,fatigue_mean_14d,22572,0.06703324806109028,0.07460376999623904,0.07460376999623904
fatigue_mean_14d,session_duration_sum_28d,22572,0.06703324806109028,0.07460376999623904,0.07460376999623904
session_duration_sum_28d,fatigue_mean_28d,23819,0.08378032360662083,0.08805199984530218,0.08805199984530218
fatigue_mean_28d,session_duration_sum_28d,23819,0.08378032360662083,0.08805199984530218,0.08805199984530218
session_duration_sum_28d,readiness_mean_3d,20190,0.09096866764443551,0.09481089542374592,0.09481089542374592
readiness_mean_3d,session_duration_sum_28d,20190,0.09096866764443551,0.09481089542374592,0.09481089542374592
session_duration_sum_28d,readiness_mean_7d,21480,0.09783760309020247,0.111378690377276,0.111378690377276
readiness_mean_7d,session_duration_sum_28d,21480,0.09783760309020247,0.111378690377276,0.111378690377276
session_duration_sum_28d,readiness_mean_14d,22579,0.10732114158995415,0.1237983383704724,0.1237983383704724
readiness_mean_14d,session_duration_sum_28d,22579,0.10732114158995415,0.1237983383704724,0.1237983383704724
session_duration_sum_28d,readiness_mean_28d,23815,0.1168419798333792,0.13838155150261236,0.13838155150261236
readiness_mean_28d,session_duration_sum_28d,23815,0.1168419798333792,0.13838155150261236,0.13838155150261236
session_duration_sum_28d,daily_load_baseline_mean_prior,36500,0.6835433516587622,0.7206475287672902,0.7206475287672902
daily_load_baseline_mean_prior,session_duration_sum_28d,36500,0.6835433516587622,0.7206475287672902,0.7206475287672902
session_duration_sum_28d,daily_load_zscore_prior,27598,0.1432169035385289,0.2878530173984088,0.2878530173984088
daily_load_zscore_prior,session_duration_sum_28d,27598,0.1432169035385289,0.2878530173984088,0.2878530173984088
session_duration_sum_28d,fatigue_baseline_mean_prior,27327,0.07886356229572479,0.06386651601228276,0.06386651601228276
fatigue_baseline_mean_prior,session_duration_sum_28d,27327,0.07886356229572479,0.06386651601228276,0.06386651601228276
session_duration_sum_28d,fatigue_zscore_prior,16806,-0.003927570812966943,-0.015534384052619362,0.015534384052619362
fatigue_zscore_prior,session_duration_sum_28d,16806,-0.003927570812966943,-0.015534384052619362,0.015534384052619362
session_duration_sum_28d,readiness_baseline_mean_prior,27323,-0.007370590308797804,0.01951116615522416,0.01951116615522416
readiness_baseline_mean_prior,session_duration_sum_28d,27323,-0.007370590308797804,0.01951116615522416,0.01951116615522416
session_duration_sum_28d,readiness_zscore_prior,16858,0.08672100538441394,0.07400118744755708,0.07400118744755708
readiness_zscore_prior,session_duration_sum_28d,16858,0.08672100538441394,0.07400118744755708,0.07400118744755708
session_duration_sum_28d,wellness_report_present,36550,0.7166403218335811,0.7266469784097364,0.7266469784097364
wellness_report_present,session_duration_sum_28d,36550,0.7166403218335811,0.7266469784097364,0.7266469784097364
session_duration_sum_28d,session_recorded,36550,0.6758069473741097,0.6794842915229693,0.6794842915229693
session_recorded,session_duration_sum_28d,36550,0.6758069473741097,0.6794842915229693,0.6794842915229693
session_duration_sum_28d,daily_load_log1p,36550,0.673158688925029,0.6615717698571542,0.6615717698571542
daily_load_log1p,session_duration_sum_28d,36550,0.673158688925029,0.6615717698571542,0.6615717698571542
session_duration_sum_28d,session_duration_minutes_log1p,36550,0.6781814301191532,0.670577926583973,0.670577926583973
session_duration_minutes_log1p,session_duration_sum_28d,36550,0.6781814301191532,0.670577926583973,0.670577926583973
session_duration_sum_28d,session_srpe_log1p,36550,0.6730909632966047,0.6613205436617969,0.6613205436617969
session_srpe_log1p,session_duration_sum_28d,36550,0.6730909632966047,0.6613205436617969,0.6613205436617969
session_duration_sum_28d,daily_load_sum_3d_log1p,36550,0.8317496472164951,0.8236481205299819,0.8236481205299819
daily_load_sum_3d_log1p,session_duration_sum_28d,36550,0.8317496472164951,0.8236481205299819,0.8236481205299819
session_duration_sum_28d,daily_load_sum_7d_log1p,36550,0.8631419351809991,0.8914798084768567,0.8914798084768567
daily_load_sum_7d_log1p,session_duration_sum_28d,36550,0.8631419351809991,0.8914798084768567,0.8914798084768567
session_duration_sum_28d,daily_load_sum_14d_log1p,36550,0.872430897499421,0.9409211445632902,0.9409211445632902
daily_load_sum_14d_log1p,session_duration_sum_28d,36550,0.872430897499421,0.9409211445632902,0.9409211445632902
session_duration_sum_28d,daily_load_sum_28d_log1p,36550,0.8586810999938981,0.9819287455389731,0.9819287455389731
daily_load_sum_28d_log1p,session_duration_sum_28d,36550,0.8586810999938981,0.9819287455389731,0.9819287455389731
session_duration_sum_28d,session_duration_sum_3d_log1p,36550,0.8387725920759591,0.8373810699802243,0.8373810699802243
session_duration_sum_3d_log1p,session_duration_sum_28d,36550,0.8387725920759591,0.8373810699802243,0.8373810699802243
session_duration_sum_28d,session_duration_sum_7d_log1p,36550,0.8732133385974955,0.9096994325040205,0.9096994325040205
session_duration_sum_7d_log1p,session_duration_sum_28d,36550,0.8732133385974955,0.9096994325040205,0.9096994325040205
session_duration_sum_28d,session_duration_sum_14d_log1p,36550,0.8857482741393167,0.9596815175488669,0.9596815175488669
session_duration_sum_14d_log1p,session_duration_sum_28d,36550,0.8857482741393167,0.9596815175488669,0.9596815175488669
session_duration_sum_28d,session_duration_sum_28d_log1p,36550,0.8757685337622371,1.0,1.0
session_duration_sum_28d_log1p,session_duration_sum_28d,36550,0.8757685337622371,1.0,1.0
session_duration_sum_28d,session_srpe_sum_3d_log1p,36550,0.8316722815853231,0.8234958078529894,0.8234958078529894
session_srpe_sum_3d_log1p,session_duration_sum_28d,36550,0.8316722815853231,0.8234958078529894,0.8234958078529894
session_duration_sum_28d,session_srpe_sum_7d_log1p,36550,0.8630415168976567,0.891735805321999,0.891735805321999
session_srpe_sum_7d_log1p,session_duration_sum_28d,36550,0.8630415168976567,0.891735805321999,0.891735805321999
session_duration_sum_28d,session_srpe_sum_14d_log1p,36550,0.8723263194171922,0.9419123852067687,0.9419123852067687
session_srpe_sum_14d_log1p,session_duration_sum_28d,36550,0.8723263194171922,0.9419123852067687,0.9419123852067687
session_duration_sum_28d,session_srpe_sum_28d_log1p,36550,0.8585921563813536,0.9838039646289103,0.9838039646289103
session_srpe_sum_28d_log1p,session_duration_sum_28d,36550,0.8585921563813536,0.9838039646289103,0.9838039646289103
session_srpe_sum_3d,session_srpe_sum_3d,36550,1.0,1.0,1.0
session_srpe_sum_3d,session_srpe_sum_7d,36550,0.8930302208260059,0.9215062954925685,0.9215062954925685
session_srpe_sum_7d,session_srpe_sum_3d,36550,0.8930302208260059,0.9215062954925685,0.9215062954925685
session_srpe_sum_3d,session_srpe_sum_14d,36550,0.8373311471112156,0.8747054871804504,0.8747054871804504
session_srpe_sum_14d,session_srpe_sum_3d,36550,0.8373311471112156,0.8747054871804504,0.8747054871804504
session_srpe_sum_3d,session_srpe_sum_28d,36550,0.7852184547003006,0.8304327944965016,0.8304327944965016
session_srpe_sum_28d,session_srpe_sum_3d,36550,0.7852184547003006,0.8304327944965016,0.8304327944965016
session_srpe_sum_3d,fatigue_mean_3d,20188,0.007418028462194543,-0.00014137661434061646,0.00014137661434061646
fatigue_mean_3d,session_srpe_sum_3d,20188,0.007418028462194543,-0.00014137661434061646,0.00014137661434061646
session_srpe_sum_3d,fatigue_mean_7d,21477,0.02631831351159388,0.019091702885003406,0.019091702885003406
fatigue_mean_7d,session_srpe_sum_3d,21477,0.02631831351159388,0.019091702885003406,0.019091702885003406
session_srpe_sum_3d,fatigue_mean_14d,22572,0.032933178158033004,0.025654634193469427,0.025654634193469427
fatigue_mean_14d,session_srpe_sum_3d,22572,0.032933178158033004,0.025654634193469427,0.025654634193469427
session_srpe_sum_3d,fatigue_mean_28d,23819,0.03778834149288624,0.030004018916571513,0.030004018916571513
fatigue_mean_28d,session_srpe_sum_3d,23819,0.03778834149288624,0.030004018916571513,0.030004018916571513
session_srpe_sum_3d,readiness_mean_3d,20190,0.11488617618070622,0.0919161519156148,0.0919161519156148
readiness_mean_3d,session_srpe_sum_3d,20190,0.11488617618070622,0.0919161519156148,0.0919161519156148
session_srpe_sum_3d,readiness_mean_7d,21480,0.11028551097209033,0.10052656963822655,0.10052656963822655
readiness_mean_7d,session_srpe_sum_3d,21480,0.11028551097209033,0.10052656963822655,0.10052656963822655
session_srpe_sum_3d,readiness_mean_14d,22579,0.10070887600952194,0.10212315166695832,0.10212315166695832
readiness_mean_14d,session_srpe_sum_3d,22579,0.10070887600952194,0.10212315166695832,0.10212315166695832
session_srpe_sum_3d,readiness_mean_28d,23815,0.08867123359786526,0.10038171797142646,0.10038171797142646
readiness_mean_28d,session_srpe_sum_3d,23815,0.08867123359786526,0.10038171797142646,0.10038171797142646
session_srpe_sum_3d,daily_load_baseline_mean_prior,36500,0.540627462964977,0.6109552349108194,0.6109552349108194
daily_load_baseline_mean_prior,session_srpe_sum_3d,36500,0.540627462964977,0.6109552349108194,0.6109552349108194
session_srpe_sum_3d,daily_load_zscore_prior,27598,0.3901562596056007,0.5303834656875328,0.5303834656875328
daily_load_zscore_prior,session_srpe_sum_3d,27598,0.3901562596056007,0.5303834656875328,0.5303834656875328
session_srpe_sum_3d,fatigue_baseline_mean_prior,27327,0.04057694552862629,0.016837610438900412,0.016837610438900412
fatigue_baseline_mean_prior,session_srpe_sum_3d,27327,0.04057694552862629,0.016837610438900412,0.016837610438900412
session_srpe_sum_3d,fatigue_zscore_prior,16806,-0.05333815437059785,-0.06659368624984001,0.06659368624984001
fatigue_zscore_prior,session_srpe_sum_3d,16806,-0.05333815437059785,-0.06659368624984001,0.06659368624984001
session_srpe_sum_3d,readiness_baseline_mean_prior,27323,-0.0029119235896845137,0.01651874702491342,0.01651874702491342
readiness_baseline_mean_prior,session_srpe_sum_3d,27323,-0.0029119235896845137,0.01651874702491342,0.01651874702491342
session_srpe_sum_3d,readiness_zscore_prior,16858,0.054779942966603816,0.005336952496038021,0.005336952496038021
readiness_zscore_prior,session_srpe_sum_3d,16858,0.054779942966603816,0.005336952496038021,0.005336952496038021
session_srpe_sum_3d,wellness_report_present,36550,0.6757774170892364,0.7381181479613305,0.7381181479613305
wellness_report_present,session_srpe_sum_3d,36550,0.6757774170892364,0.7381181479613305,0.7381181479613305
session_srpe_sum_3d,session_recorded,36550,0.7353533356324224,0.7720126137053266,0.7720126137053266
session_recorded,session_srpe_sum_3d,36550,0.7353533356324224,0.7720126137053266,0.7720126137053266
session_srpe_sum_3d,daily_load_log1p,36550,0.7587679540296838,0.7863415090878613,0.7863415090878613
daily_load_log1p,session_srpe_sum_3d,36550,0.7587679540296838,0.7863415090878613,0.7863415090878613
session_srpe_sum_3d,session_duration_minutes_log1p,36550,0.7561061531625299,0.7834921573555427,0.7834921573555427
session_duration_minutes_log1p,session_srpe_sum_3d,36550,0.7561061531625299,0.7834921573555427,0.7834921573555427
session_srpe_sum_3d,session_srpe_log1p,36550,0.7587078639747685,0.7862088313801006,0.7862088313801006
session_srpe_log1p,session_srpe_sum_3d,36550,0.7587078639747685,0.7862088313801006,0.7862088313801006
session_srpe_sum_3d,daily_load_sum_3d_log1p,36550,0.8772797419878238,0.9989908417796168,0.9989908417796168
daily_load_sum_3d_log1p,session_srpe_sum_3d,36550,0.8772797419878238,0.9989908417796168,0.9989908417796168
session_srpe_sum_3d,daily_load_sum_7d_log1p,36550,0.7942164943228349,0.9205536484155135,0.9205536484155135
daily_load_sum_7d_log1p,session_srpe_sum_3d,36550,0.7942164943228349,0.9205536484155135,0.9205536484155135
session_srpe_sum_3d,daily_load_sum_14d_log1p,36550,0.7442405656229931,0.8739163983667698,0.8739163983667698
daily_load_sum_14d_log1p,session_srpe_sum_3d,36550,0.7442405656229931,0.8739163983667698,0.8739163983667698
session_srpe_sum_3d,daily_load_sum_28d_log1p,36550,0.6952213230692285,0.8295939580672018,0.8295939580672018
daily_load_sum_28d_log1p,session_srpe_sum_3d,36550,0.6952213230692285,0.8295939580672018,0.8295939580672018
session_srpe_sum_3d,session_duration_sum_3d_log1p,36550,0.8793453561424358,0.9839182591996214,0.9839182591996214
session_duration_sum_3d_log1p,session_srpe_sum_3d,36550,0.8793453561424358,0.9839182591996214,0.9839182591996214
session_srpe_sum_3d,session_duration_sum_7d_log1p,36550,0.799279687711991,0.9102609605661512,0.9102609605661512
session_duration_sum_7d_log1p,session_srpe_sum_3d,36550,0.799279687711991,0.9102609605661512,0.9102609605661512
session_srpe_sum_3d,session_duration_sum_14d_log1p,36550,0.7510645318535306,0.8660583229461685,0.8660583229461685
session_duration_sum_14d_log1p,session_srpe_sum_3d,36550,0.7510645318535306,0.8660583229461685,0.8660583229461685
session_srpe_sum_3d,session_duration_sum_28d_log1p,36550,0.7031622021459246,0.8234958078529891,0.8234958078529891
session_duration_sum_28d_log1p,session_srpe_sum_3d,36550,0.7031622021459246,0.8234958078529891,0.8234958078529891
session_srpe_sum_3d,session_srpe_sum_3d_log1p,36550,0.8773141105129519,1.0,1.0
session_srpe_sum_3d_log1p,session_srpe_sum_3d,36550,0.8773141105129519,1.0,1.0
session_srpe_sum_3d,session_srpe_sum_7d_log1p,36550,0.7941684543128027,0.9215062954925685,0.9215062954925685
session_srpe_sum_7d_log1p,session_srpe_sum_3d,36550,0.7941684543128027,0.9215062954925685,0.9215062954925685
session_srpe_sum_3d,session_srpe_sum_14d_log1p,36550,0.7441186682073888,0.8747054871804504,0.8747054871804504
session_srpe_sum_14d_log1p,session_srpe_sum_3d,36550,0.7441186682073888,0.8747054871804504,0.8747054871804504
session_srpe_sum_3d,session_srpe_sum_28d_log1p,36550,0.6950900274094155,0.8304327944965016,0.8304327944965016
session_srpe_sum_28d_log1p,session_srpe_sum_3d,36550,0.6950900274094155,0.8304327944965016,0.8304327944965016
session_srpe_sum_7d,session_srpe_sum_7d,36550,1.0,1.0,1.0
session_srpe_sum_7d,session_srpe_sum_14d,36550,0.9510284014354866,0.9542552440129697,0.9542552440129697
session_srpe_sum_14d,session_srpe_sum_7d,36550,0.9510284014354866,0.9542552440129697,0.9542552440129697
session_srpe_sum_7d,session_srpe_sum_28d,36550,0.8930439079154842,0.904009507386836,0.904009507386836
session_srpe_sum_28d,session_srpe_sum_7d,36550,0.8930439079154842,0.904009507386836,0.904009507386836
session_srpe_sum_7d,fatigue_mean_3d,20188,-0.021145660983451477,-0.027458365215824645,0.027458365215824645
fatigue_mean_3d,session_srpe_sum_7d,20188,-0.021145660983451477,-0.027458365215824645,0.027458365215824645
session_srpe_sum_7d,fatigue_mean_7d,21477,0.001859900749795906,-0.008710805726198171,0.008710805726198171
fatigue_mean_7d,session_srpe_sum_7d,21477,0.001859900749795906,-0.008710805726198171,0.008710805726198171
session_srpe_sum_7d,fatigue_mean_14d,22572,0.025506842348919413,0.012073514282265196,0.012073514282265196
fatigue_mean_14d,session_srpe_sum_7d,22572,0.025506842348919413,0.012073514282265196,0.012073514282265196
session_srpe_sum_7d,fatigue_mean_28d,23819,0.0370403641620167,0.023938521849908547,0.023938521849908547
fatigue_mean_28d,session_srpe_sum_7d,23819,0.0370403641620167,0.023938521849908547,0.023938521849908547
session_srpe_sum_7d,readiness_mean_3d,20190,0.10122467379903219,0.06734375452926687,0.06734375452926687
readiness_mean_3d,session_srpe_sum_7d,20190,0.10122467379903219,0.06734375452926687,0.06734375452926687
session_srpe_sum_7d,readiness_mean_7d,21480,0.12105706164940686,0.09722596685730983,0.09722596685730983
readiness_mean_7d,session_srpe_sum_7d,21480,0.12105706164940686,0.09722596685730983,0.09722596685730983
session_srpe_sum_7d,readiness_mean_14d,22579,0.11585313151584231,0.10720082506461909,0.10720082506461909
readiness_mean_14d,session_srpe_sum_7d,22579,0.11585313151584231,0.10720082506461909,0.10720082506461909
session_srpe_sum_7d,readiness_mean_28d,23815,0.10310022966232729,0.10827337748872853,0.10827337748872853
readiness_mean_28d,session_srpe_sum_7d,23815,0.10310022966232729,0.10827337748872853,0.10827337748872853
session_srpe_sum_7d,daily_load_baseline_mean_prior,36500,0.6149028906176319,0.6592687363470535,0.6592687363470535
daily_load_baseline_mean_prior,session_srpe_sum_7d,36500,0.6149028906176319,0.6592687363470535,0.6592687363470535
session_srpe_sum_7d,daily_load_zscore_prior,27598,0.2822507878722374,0.42682301220702057,0.42682301220702057
daily_load_zscore_prior,session_srpe_sum_7d,27598,0.2822507878722374,0.42682301220702057,0.42682301220702057
session_srpe_sum_7d,fatigue_baseline_mean_prior,27327,0.04167019365578862,0.01102860849898857,0.01102860849898857
fatigue_baseline_mean_prior,session_srpe_sum_7d,27327,0.04167019365578862,0.01102860849898857,0.01102860849898857
session_srpe_sum_7d,fatigue_zscore_prior,16806,-0.04029675988390626,-0.04181355621780937,0.04181355621780937
fatigue_zscore_prior,session_srpe_sum_7d,16806,-0.04029675988390626,-0.04181355621780937,0.04181355621780937
session_srpe_sum_7d,readiness_baseline_mean_prior,27323,-0.007333300606068636,0.013433635957914606,0.013433635957914606
readiness_baseline_mean_prior,session_srpe_sum_7d,27323,-0.007333300606068636,0.013433635957914606,0.013433635957914606
session_srpe_sum_7d,readiness_zscore_prior,16858,0.08242130709114143,0.03706002606804278,0.03706002606804278
readiness_zscore_prior,session_srpe_sum_7d,16858,0.08242130709114143,0.03706002606804278,0.03706002606804278
session_srpe_sum_7d,wellness_report_present,36550,0.7221725249783193,0.7473248740087857,0.7473248740087857
wellness_report_present,session_srpe_sum_7d,36550,0.7221725249783193,0.7473248740087857,0.7473248740087857
session_srpe_sum_7d,session_recorded,36550,0.7138155371272465,0.7261592847708094,0.7261592847708094
session_recorded,session_srpe_sum_7d,36550,0.7138155371272465,0.7261592847708094,0.7261592847708094
session_srpe_sum_7d,daily_load_log1p,36550,0.7249438965471277,0.7302864134405589,0.7302864134405589
daily_load_log1p,session_srpe_sum_7d,36550,0.7249438965471277,0.7302864134405589,0.7302864134405589
session_srpe_sum_7d,session_duration_minutes_log1p,36550,0.7237164129042782,0.7289292811908488,0.7289292811908488
session_duration_minutes_log1p,session_srpe_sum_7d,36550,0.7237164129042782,0.7289292811908488,0.7289292811908488
session_srpe_sum_7d,session_srpe_log1p,36550,0.7248908513706042,0.7301140681318357,0.7301140681318357
session_srpe_log1p,session_srpe_sum_7d,36550,0.7248908513706042,0.7301140681318357,0.7301140681318357
session_srpe_sum_7d,daily_load_sum_3d_log1p,36550,0.8840947747279372,0.9212988909245083,0.9212988909245083
daily_load_sum_3d_log1p,session_srpe_sum_7d,36550,0.8840947747279372,0.9212988909245083,0.9212988909245083
session_srpe_sum_7d,daily_load_sum_7d_log1p,36550,0.8884385105724496,0.9987490484183964,0.9987490484183964
daily_load_sum_7d_log1p,session_srpe_sum_7d,36550,0.8884385105724496,0.9987490484183964,0.9987490484183964
session_srpe_sum_7d,daily_load_sum_14d_log1p,36550,0.8360119773113035,0.9533124064165474,0.9533124064165474
daily_load_sum_14d_log1p,session_srpe_sum_7d,36550,0.8360119773113035,0.9533124064165474,0.9533124064165474
session_srpe_sum_7d,daily_load_sum_28d_log1p,36550,0.781401998794212,0.9030354554429628,0.9030354554429628
daily_load_sum_28d_log1p,session_srpe_sum_7d,36550,0.781401998794212,0.9030354554429628,0.9030354554429628
session_srpe_sum_7d,session_duration_sum_3d_log1p,36550,0.8851598999028489,0.9112826139972133,0.9112826139972133
session_duration_sum_3d_log1p,session_srpe_sum_7d,36550,0.8851598999028489,0.9112826139972133,0.9112826139972133
session_srpe_sum_7d,session_duration_sum_7d_log1p,36550,0.894212832003377,0.9825570871432859,0.9825570871432859
session_duration_sum_7d_log1p,session_srpe_sum_7d,36550,0.894212832003377,0.9825570871432859,0.9825570871432859
session_srpe_sum_7d,session_duration_sum_14d_log1p,36550,0.8445624472183393,0.9393628848120601,0.9393628848120601
session_duration_sum_14d_log1p,session_srpe_sum_7d,36550,0.8445624472183393,0.9393628848120601,0.9393628848120601
session_srpe_sum_7d,session_duration_sum_28d_log1p,36550,0.7912602312095964,0.8917358053219989,0.8917358053219989
session_duration_sum_28d_log1p,session_srpe_sum_7d,36550,0.7912602312095964,0.8917358053219989,0.8917358053219989
session_srpe_sum_7d,session_srpe_sum_3d_log1p,36550,0.8840375448955403,0.9215062954925687,0.9215062954925687
session_srpe_sum_3d_log1p,session_srpe_sum_7d,36550,0.8840375448955403,0.9215062954925687,0.9215062954925687
session_srpe_sum_7d,session_srpe_sum_7d_log1p,36550,0.888366098532516,1.0,1.0
session_srpe_sum_7d_log1p,session_srpe_sum_7d,36550,0.888366098532516,1.0,1.0
session_srpe_sum_7d,session_srpe_sum_14d_log1p,36550,0.8358514811530794,0.9542552440129697,0.9542552440129697
session_srpe_sum_14d_log1p,session_srpe_sum_7d,36550,0.8358514811530794,0.9542552440129697,0.9542552440129697
session_srpe_sum_7d,session_srpe_sum_28d_log1p,36550,0.7812408919304982,0.904009507386836,0.904009507386836
session_srpe_sum_28d_log1p,session_srpe_sum_7d,36550,0.7812408919304982,0.904009507386836,0.904009507386836
session_srpe_sum_14d,session_srpe_sum_14d,36550,1.0,1.0,1.0
session_srpe_sum_14d,session_srpe_sum_28d,36550,0.9556408527569659,0.9567973482228027,0.9567973482228027
session_srpe_sum_28d,session_srpe_sum_14d,36550,0.9556408527569659,0.9567973482228027,0.9567973482228027
session_srpe_sum_14d,fatigue_mean_3d,20188,-0.017166805302836645,-0.022971198670016468,0.022971198670016468
fatigue_mean_3d,session_srpe_sum_14d,20188,-0.017166805302836645,-0.022971198670016468,0.022971198670016468
session_srpe_sum_14d,fatigue_mean_7d,21477,-0.013547326362352603,-0.024028481439305346,0.024028481439305346
fatigue_mean_7d,session_srpe_sum_14d,21477,-0.013547326362352603,-0.024028481439305346,0.024028481439305346
session_srpe_sum_14d,fatigue_mean_14d,22572,0.010988725532923616,-0.006890969463166077,0.006890969463166077
fatigue_mean_14d,session_srpe_sum_14d,22572,0.010988725532923616,-0.006890969463166077,0.006890969463166077
session_srpe_sum_14d,fatigue_mean_28d,23819,0.031073902197909228,0.014741884939419348,0.014741884939419348
fatigue_mean_28d,session_srpe_sum_14d,23819,0.031073902197909228,0.014741884939419348,0.014741884939419348
session_srpe_sum_14d,readiness_mean_3d,20190,0.08890411171048444,0.06322465568122992,0.06322465568122992
readiness_mean_3d,session_srpe_sum_14d,20190,0.08890411171048444,0.06322465568122992,0.06322465568122992
session_srpe_sum_14d,readiness_mean_7d,21480,0.10153608793210996,0.08296167930161415,0.08296167930161415
readiness_mean_7d,session_srpe_sum_14d,21480,0.10153608793210996,0.08296167930161415,0.08296167930161415
session_srpe_sum_14d,readiness_mean_14d,22579,0.11322159385647201,0.10345212120369497,0.10345212120369497
readiness_mean_14d,session_srpe_sum_14d,22579,0.11322159385647201,0.10345212120369497,0.10345212120369497
session_srpe_sum_14d,readiness_mean_28d,23815,0.1071898511431208,0.11202855885058537,0.11202855885058537
readiness_mean_28d,session_srpe_sum_14d,23815,0.1071898511431208,0.11202855885058537,0.11202855885058537
session_srpe_sum_14d,daily_load_baseline_mean_prior,36500,0.6600075289619739,0.6996555824670606,0.6996555824670606
daily_load_baseline_mean_prior,session_srpe_sum_14d,36500,0.6600075289619739,0.6996555824670606,0.6996555824670606
session_srpe_sum_14d,daily_load_zscore_prior,27598,0.20824130234750088,0.34996105329172156,0.34996105329172156
daily_load_zscore_prior,session_srpe_sum_14d,27598,0.20824130234750088,0.34996105329172156,0.34996105329172156
session_srpe_sum_14d,fatigue_baseline_mean_prior,27327,0.038884291200945637,0.004962938882697531,0.004962938882697531
fatigue_baseline_mean_prior,session_srpe_sum_14d,27327,0.038884291200945637,0.004962938882697531,0.004962938882697531
session_srpe_sum_14d,fatigue_zscore_prior,16806,-0.023224968456705877,-0.027022601020065047,0.027022601020065047
fatigue_zscore_prior,session_srpe_sum_14d,16806,-0.023224968456705877,-0.027022601020065047,0.027022601020065047
session_srpe_sum_14d,readiness_baseline_mean_prior,27323,-0.012062666580279652,0.011779952772263626,0.011779952772263626
readiness_baseline_mean_prior,session_srpe_sum_14d,27323,-0.012062666580279652,0.011779952772263626,0.011779952772263626
session_srpe_sum_14d,readiness_zscore_prior,16858,0.08319805259402308,0.04997504647536585,0.04997504647536585
readiness_zscore_prior,session_srpe_sum_14d,16858,0.08319805259402308,0.04997504647536585,0.04997504647536585
session_srpe_sum_14d,wellness_report_present,36550,0.7243924634859277,0.7391203581715154,0.7391203581715154
wellness_report_present,session_srpe_sum_14d,36550,0.7243924634859277,0.7391203581715154,0.7391203581715154
session_srpe_sum_14d,session_recorded,36550,0.6898572426666356,0.6967263769365004,0.6967263769365004
session_recorded,session_srpe_sum_14d,36550,0.6898572426666356,0.6967263769365004,0.6967263769365004
session_srpe_sum_14d,daily_load_log1p,36550,0.6959343468018229,0.6940840404541635,0.6940840404541635
daily_load_log1p,session_srpe_sum_14d,36550,0.6959343468018229,0.6940840404541635,0.6940840404541635
session_srpe_sum_14d,session_duration_minutes_log1p,36550,0.6957850680116624,0.6941265352928873,0.6941265352928873
session_duration_minutes_log1p,session_srpe_sum_14d,36550,0.6957850680116624,0.6941265352928873,0.6941265352928873
session_srpe_sum_14d,session_srpe_log1p,36550,0.6957662080806656,0.6936171696326819,0.6936171696326819
session_srpe_log1p,session_srpe_sum_14d,36550,0.6957662080806656,0.6936171696326819,0.6936171696326819
session_srpe_sum_14d,daily_load_sum_3d_log1p,36550,0.8601533702500764,0.8750919329475335,0.8750919329475335
daily_load_sum_3d_log1p,session_srpe_sum_14d,36550,0.8601533702500764,0.8750919329475335,0.8750919329475335
session_srpe_sum_14d,daily_load_sum_7d_log1p,36550,0.8860139491906667,0.9541699301235141,0.9541699301235141
daily_load_sum_7d_log1p,session_srpe_sum_14d,36550,0.8860139491906667,0.9541699301235141,0.9541699301235141
session_srpe_sum_14d,daily_load_sum_14d_log1p,36550,0.876783583858067,0.9989454281669904,0.9989454281669904
daily_load_sum_14d_log1p,session_srpe_sum_14d,36550,0.876783583858067,0.9989454281669904,0.9989454281669904
session_srpe_sum_14d,daily_load_sum_28d_log1p,36550,0.8235677871532581,0.9558672018524729,0.9558672018524729
daily_load_sum_28d_log1p,session_srpe_sum_14d,36550,0.8235677871532581,0.9558672018524729,0.9558672018524729
session_srpe_sum_14d,session_duration_sum_3d_log1p,36550,0.8616662603145598,0.8688603504663734,0.8688603504663734
session_duration_sum_3d_log1p,session_srpe_sum_14d,36550,0.8616662603145598,0.8688603504663734,0.8688603504663734
session_srpe_sum_14d,session_duration_sum_7d_log1p,36550,0.8913606761008854,0.9433123696126664,0.9433123696126664
session_duration_sum_7d_log1p,session_srpe_sum_14d,36550,0.8913606761008854,0.9433123696126664,0.9433123696126664
session_srpe_sum_14d,session_duration_sum_14d_log1p,36550,0.8858581462591165,0.9831336820296485,0.9831336820296485
session_duration_sum_14d_log1p,session_srpe_sum_14d,36550,0.8858581462591165,0.9831336820296485,0.9831336820296485
session_srpe_sum_14d,session_duration_sum_28d_log1p,36550,0.8349186434404405,0.9419123852067685,0.9419123852067685
session_duration_sum_28d_log1p,session_srpe_sum_14d,36550,0.8349186434404405,0.9419123852067685,0.9419123852067685
session_srpe_sum_14d,session_srpe_sum_3d_log1p,36550,0.8599824058150898,0.8747054871804504,0.8747054871804504
session_srpe_sum_3d_log1p,session_srpe_sum_14d,36550,0.8599824058150898,0.8747054871804504,0.8747054871804504
session_srpe_sum_14d,session_srpe_sum_7d_log1p,36550,0.8858241689585227,0.9542552440129697,0.9542552440129697
session_srpe_sum_7d_log1p,session_srpe_sum_14d,36550,0.8858241689585227,0.9542552440129697,0.9542552440129697
session_srpe_sum_14d,session_srpe_sum_14d_log1p,36550,0.8765959718006714,1.0,1.0
session_srpe_sum_14d_log1p,session_srpe_sum_14d,36550,0.8765959718006714,1.0,1.0
session_srpe_sum_14d,session_srpe_sum_28d_log1p,36550,0.8233715849706449,0.9567973482228027,0.9567973482228027
session_srpe_sum_28d_log1p,session_srpe_sum_14d,36550,0.8233715849706449,0.9567973482228027,0.9567973482228027
session_srpe_sum_28d,session_srpe_sum_28d,36550,1.0,1.0,1.0
session_srpe_sum_28d,fatigue_mean_3d,20188,-0.01537342635352978,-0.01909893174092592,0.01909893174092592
fatigue_mean_3d,session_srpe_sum_28d,20188,-0.01537342635352978,-0.01909893174092592,0.01909893174092592
session_srpe_sum_28d,fatigue_mean_7d,21477,-0.014511352792323486,-0.01956929938012941,0.01956929938012941
fatigue_mean_7d,session_srpe_sum_28d,21477,-0.014511352792323486,-0.01956929938012941,0.01956929938012941
session_srpe_sum_28d,fatigue_mean_14d,22572,0.0003986751042103691,-0.01377171076087629,0.01377171076087629
fatigue_mean_14d,session_srpe_sum_28d,22572,0.0003986751042103691,-0.01377171076087629,0.01377171076087629
session_srpe_sum_28d,fatigue_mean_28d,23819,0.020166643760706156,0.0034621303860016793,0.0034621303860016793
fatigue_mean_28d,session_srpe_sum_28d,23819,0.020166643760706156,0.0034621303860016793,0.0034621303860016793
session_srpe_sum_28d,readiness_mean_3d,20190,0.069311394240787,0.05459055006477253,0.05459055006477253
readiness_mean_3d,session_srpe_sum_28d,20190,0.069311394240787,0.05459055006477253,0.05459055006477253
session_srpe_sum_28d,readiness_mean_7d,21480,0.07631579966299448,0.07110099688853999,0.07110099688853999
readiness_mean_7d,session_srpe_sum_28d,21480,0.07631579966299448,0.07110099688853999,0.07110099688853999
session_srpe_sum_28d,readiness_mean_14d,22579,0.08762824344604185,0.08665458595353268,0.08665458595353268
readiness_mean_14d,session_srpe_sum_28d,22579,0.08762824344604185,0.08665458595353268,0.08665458595353268
session_srpe_sum_28d,readiness_mean_28d,23815,0.09950451268977464,0.10656575053846937,0.10656575053846937
readiness_mean_28d,session_srpe_sum_28d,23815,0.09950451268977464,0.10656575053846937,0.10656575053846937
session_srpe_sum_28d,daily_load_baseline_mean_prior,36500,0.7112781028143792,0.7473018635342275,0.7473018635342275
daily_load_baseline_mean_prior,session_srpe_sum_28d,36500,0.7112781028143792,0.7473018635342275,0.7473018635342275
session_srpe_sum_28d,daily_load_zscore_prior,27598,0.13447203460618756,0.26841945702335646,0.26841945702335646
daily_load_zscore_prior,session_srpe_sum_28d,27598,0.13447203460618756,0.26841945702335646,0.26841945702335646
session_srpe_sum_28d,fatigue_baseline_mean_prior,27327,0.03410808013998933,-0.0006409108323452745,0.0006409108323452745
fatigue_baseline_mean_prior,session_srpe_sum_28d,27327,0.03410808013998933,-0.0006409108323452745,0.0006409108323452745
session_srpe_sum_28d,fatigue_zscore_prior,16806,-0.01662996590885584,-0.012678456437857408,0.012678456437857408
fatigue_zscore_prior,session_srpe_sum_28d,16806,-0.01662996590885584,-0.012678456437857408,0.012678456437857408
session_srpe_sum_28d,readiness_baseline_mean_prior,27323,-0.017352679342614544,0.009098022142322762,0.009098022142322762
readiness_baseline_mean_prior,session_srpe_sum_28d,27323,-0.017352679342614544,0.009098022142322762,0.009098022142322762
session_srpe_sum_28d,readiness_zscore_prior,16858,0.07889582352620449,0.05358000042710395,0.05358000042710395
readiness_zscore_prior,session_srpe_sum_28d,16858,0.07889582352620449,0.05358000042710395,0.05358000042710395
session_srpe_sum_28d,wellness_report_present,36550,0.71020061077112,0.7219817797247976,0.7219817797247976
wellness_report_present,session_srpe_sum_28d,36550,0.71020061077112,0.7219817797247976,0.7219817797247976
session_srpe_sum_28d,session_recorded,36550,0.6610938010111677,0.6672726368671019,0.6672726368671019
session_recorded,session_srpe_sum_28d,36550,0.6610938010111677,0.6672726368671019,0.6672726368671019
session_srpe_sum_28d,daily_load_log1p,36550,0.6640916145862236,0.6599635261329918,0.6599635261329918
daily_load_log1p,session_srpe_sum_28d,36550,0.6640916145862236,0.6599635261329918,0.6599635261329918
session_srpe_sum_28d,session_duration_minutes_log1p,36550,0.6642231627092662,0.6602266180197214,0.6602266180197214
session_duration_minutes_log1p,session_srpe_sum_28d,36550,0.6642231627092662,0.6602266180197214,0.6602266180197214
session_srpe_sum_28d,session_srpe_log1p,36550,0.6638470725172884,0.6592852763603525,0.6592852763603525
session_srpe_log1p,session_srpe_sum_28d,36550,0.6638470725172884,0.6592852763603525,0.6592852763603525
session_srpe_sum_28d,daily_load_sum_3d_log1p,36550,0.8266285605160767,0.8312745302215229,0.8312745302215229
daily_load_sum_3d_log1p,session_srpe_sum_28d,36550,0.8266285605160767,0.8312745302215229,0.8312745302215229
session_srpe_sum_28d,daily_load_sum_7d_log1p,36550,0.8597122237481623,0.9048114671076785,0.9048114671076785
daily_load_sum_7d_log1p,session_srpe_sum_28d,36550,0.8597122237481623,0.9048114671076785,0.9048114671076785
session_srpe_sum_28d,daily_load_sum_14d_log1p,36550,0.8703293429430115,0.9568963708253674,0.9568963708253674
daily_load_sum_14d_log1p,session_srpe_sum_28d,36550,0.8703293429430115,0.9568963708253674,0.9568963708253674
session_srpe_sum_28d,daily_load_sum_28d_log1p,36550,0.8571844499108031,0.9991174430726256,0.9991174430726256
daily_load_sum_28d_log1p,session_srpe_sum_28d,36550,0.8571844499108031,0.9991174430726256,0.9991174430726256
session_srpe_sum_28d,session_duration_sum_3d_log1p,36550,0.8281566831567242,0.826991830331726,0.826991830331726
session_duration_sum_3d_log1p,session_srpe_sum_28d,36550,0.8281566831567242,0.826991830331726,0.826991830331726
session_srpe_sum_28d,session_duration_sum_7d_log1p,36550,0.8644399077812654,0.8972791182598276,0.8972791182598276
session_duration_sum_7d_log1p,session_srpe_sum_28d,36550,0.8644399077812654,0.8972791182598276,0.8972791182598276
session_srpe_sum_28d,session_duration_sum_14d_log1p,36550,0.8784263325099539,0.9456523424998343,0.9456523424998343
session_duration_sum_14d_log1p,session_srpe_sum_28d,36550,0.8784263325099539,0.9456523424998343,0.9456523424998343
session_srpe_sum_28d,session_duration_sum_28d_log1p,36550,0.869204396966823,0.9838039646289103,0.9838039646289103
session_duration_sum_28d_log1p,session_srpe_sum_28d,36550,0.869204396966823,0.9838039646289103,0.9838039646289103
session_srpe_sum_28d,session_srpe_sum_3d_log1p,36550,0.82636877355088,0.8304327944965016,0.8304327944965016
session_srpe_sum_3d_log1p,session_srpe_sum_28d,36550,0.82636877355088,0.8304327944965016,0.8304327944965016
session_srpe_sum_28d,session_srpe_sum_7d_log1p,36550,0.8594293511648043,0.9040095073868359,0.9040095073868359
session_srpe_sum_7d_log1p,session_srpe_sum_28d,36550,0.8594293511648043,0.9040095073868359,0.9040095073868359
session_srpe_sum_28d,session_srpe_sum_14d_log1p,36550,0.8700479914537245,0.9567973482228027,0.9567973482228027
session_srpe_sum_14d_log1p,session_srpe_sum_28d,36550,0.8700479914537245,0.9567973482228027,0.9567973482228027
session_srpe_sum_28d,session_srpe_sum_28d_log1p,36550,0.8569277907070625,1.0,1.0
session_srpe_sum_28d_log1p,session_srpe_sum_28d,36550,0.8569277907070625,1.0,1.0
fatigue_mean_3d,fatigue_mean_3d,20188,1.0,1.0,1.0
fatigue_mean_3d,fatigue_mean_7d,20188,0.8615842512140512,0.8421225665219487,0.8421225665219487
fatigue_mean_7d,fatigue_mean_3d,20188,0.8615842512140512,0.8421225665219487,0.8421225665219487
fatigue_mean_3d,fatigue_mean_14d,20188,0.7878178775704257,0.7671583735244581,0.7671583735244581
fatigue_mean_14d,fatigue_mean_3d,20188,0.7878178775704257,0.7671583735244581,0.7671583735244581
fatigue_mean_3d,fatigue_mean_28d,20188,0.7427235521397556,0.725780818312666,0.725780818312666
fatigue_mean_28d,fatigue_mean_3d,20188,0.7427235521397556,0.725780818312666,0.725780818312666
fatigue_mean_3d,readiness_mean_3d,20184,0.48729800347854096,0.48761756980258003,0.48761756980258003
readiness_mean_3d,fatigue_mean_3d,20184,0.48729800347854096,0.48761756980258003,0.48761756980258003
fatigue_mean_3d,readiness_mean_7d,20185,0.413300993259818,0.41434931947661113,0.41434931947661113
readiness_mean_7d,fatigue_mean_3d,20185,0.413300993259818,0.41434931947661113,0.41434931947661113
fatigue_mean_3d,readiness_mean_14d,20185,0.38150368051340655,0.37964271332435506,0.37964271332435506
readiness_mean_14d,fatigue_mean_3d,20185,0.38150368051340655,0.37964271332435506,0.37964271332435506
fatigue_mean_3d,readiness_mean_28d,20185,0.36798147875435616,0.3595015422348302,0.3595015422348302
readiness_mean_28d,fatigue_mean_3d,20185,0.36798147875435616,0.3595015422348302,0.3595015422348302
fatigue_mean_3d,daily_load_baseline_mean_prior,20188,-0.20833834764041675,-0.2532553373249458,0.2532553373249458
daily_load_baseline_mean_prior,fatigue_mean_3d,20188,-0.20833834764041675,-0.2532553373249458,0.2532553373249458
fatigue_mean_3d,daily_load_zscore_prior,20122,0.08948700727091737,0.12409339999165865,0.12409339999165865
daily_load_zscore_prior,fatigue_mean_3d,20122,0.08948700727091737,0.12409339999165865,0.12409339999165865
fatigue_mean_3d,fatigue_baseline_mean_prior,20138,0.6378390583106844,0.6398653141065674,0.6398653141065674
fatigue_baseline_mean_prior,fatigue_mean_3d,20138,0.6378390583106844,0.6398653141065674,0.6398653141065674
fatigue_mean_3d,fatigue_zscore_prior,16806,0.4538215324357355,0.41112612395534714,0.41112612395534714
fatigue_zscore_prior,fatigue_mean_3d,16806,0.4538215324357355,0.41112612395534714,0.41112612395534714
fatigue_mean_3d,readiness_baseline_mean_prior,20135,0.33965246040640873,0.3200103936675856,0.3200103936675856
readiness_baseline_mean_prior,fatigue_mean_3d,20135,0.33965246040640873,0.3200103936675856,0.3200103936675856
fatigue_mean_3d,readiness_zscore_prior,16857,0.19485183161605663,0.20043481986880152,0.20043481986880152
readiness_zscore_prior,fatigue_mean_3d,16857,0.19485183161605663,0.20043481986880152,0.20043481986880152
fatigue_mean_3d,wellness_report_present,20188,-0.004323049737872678,-0.010234768670195425,0.010234768670195425
wellness_report_present,fatigue_mean_3d,20188,-0.004323049737872678,-0.010234768670195425,0.010234768670195425
fatigue_mean_3d,session_recorded,20188,0.05024576843011363,0.04814355775690038,0.04814355775690038
session_recorded,fatigue_mean_3d,20188,0.05024576843011363,0.04814355775690038,0.04814355775690038
fatigue_mean_3d,daily_load_log1p,20188,0.04961850332446528,0.04179599930527998,0.04179599930527998
daily_load_log1p,fatigue_mean_3d,20188,0.04961850332446528,0.04179599930527998,0.04179599930527998
fatigue_mean_3d,session_duration_minutes_log1p,20188,0.05526563174543406,0.0613679241624588,0.0613679241624588
session_duration_minutes_log1p,fatigue_mean_3d,20188,0.05526563174543406,0.0613679241624588,0.0613679241624588
fatigue_mean_3d,session_srpe_log1p,20188,0.05080867002202495,0.04609465985533234,0.04609465985533234
session_srpe_log1p,fatigue_mean_3d,20188,0.05080867002202495,0.04609465985533234,0.04609465985533234
fatigue_mean_3d,daily_load_sum_3d_log1p,20188,0.042263605476700425,-0.0072845623892183395,0.0072845623892183395
daily_load_sum_3d_log1p,fatigue_mean_3d,20188,0.042263605476700425,-0.0072845623892183395,0.0072845623892183395
fatigue_mean_3d,daily_load_sum_7d_log1p,20188,0.02141111214126903,-0.036913428481465005,0.036913428481465005
daily_load_sum_7d_log1p,fatigue_mean_3d,20188,0.02141111214126903,-0.036913428481465005,0.036913428481465005
fatigue_mean_3d,daily_load_sum_14d_log1p,20188,0.015061143421084689,-0.031671819025230245,0.031671819025230245
daily_load_sum_14d_log1p,fatigue_mean_3d,20188,0.015061143421084689,-0.031671819025230245,0.031671819025230245
fatigue_mean_3d,daily_load_sum_28d_log1p,20188,0.004412013519707459,-0.026740008938339246,0.026740008938339246
daily_load_sum_28d_log1p,fatigue_mean_3d,20188,0.004412013519707459,-0.026740008938339246,0.026740008938339246
fatigue_mean_3d,session_duration_sum_3d_log1p,20188,0.058477748891250576,0.04924964254613598,0.04924964254613598
session_duration_sum_3d_log1p,fatigue_mean_3d,20188,0.058477748891250576,0.04924964254613598,0.04924964254613598
fatigue_mean_3d,session_duration_sum_7d_log1p,20188,0.04538851951398865,0.04240539139235991,0.04240539139235991
session_duration_sum_7d_log1p,fatigue_mean_3d,20188,0.04538851951398865,0.04240539139235991,0.04240539139235991
fatigue_mean_3d,session_duration_sum_14d_log1p,20188,0.042500940796990655,0.04932983658943573,0.04932983658943573
session_duration_sum_14d_log1p,fatigue_mean_3d,20188,0.042500940796990655,0.04932983658943573,0.04932983658943573
fatigue_mean_3d,session_duration_sum_28d_log1p,20188,0.03376682162968316,0.05412444217351894,0.05412444217351894
session_duration_sum_28d_log1p,fatigue_mean_3d,20188,0.03376682162968316,0.05412444217351894,0.05412444217351894
fatigue_mean_3d,session_srpe_sum_3d_log1p,20188,0.044485239776297356,-0.00014137661434064384,0.00014137661434064384
session_srpe_sum_3d_log1p,fatigue_mean_3d,20188,0.044485239776297356,-0.00014137661434064384,0.00014137661434064384
fatigue_mean_3d,session_srpe_sum_7d_log1p,20188,0.02457469267638903,-0.027458365215824627,0.027458365215824627
session_srpe_sum_7d_log1p,fatigue_mean_3d,20188,0.02457469267638903,-0.027458365215824627,0.027458365215824627
fatigue_mean_3d,session_srpe_sum_14d_log1p,20188,0.018953364778015534,-0.022971198670016443,0.022971198670016443
session_srpe_sum_14d_log1p,fatigue_mean_3d,20188,0.018953364778015534,-0.022971198670016443,0.022971198670016443
fatigue_mean_3d,session_srpe_sum_28d_log1p,20188,0.008599585373061354,-0.01909893174092595,0.01909893174092595
session_srpe_sum_28d_log1p,fatigue_mean_3d,20188,0.008599585373061354,-0.01909893174092595,0.01909893174092595
fatigue_mean_7d,fatigue_mean_7d,21477,1.0,1.0,1.0
fatigue_mean_7d,fatigue_mean_14d,21477,0.908453787703693,0.8994072151256844,0.8994072151256844
fatigue_mean_14d,fatigue_mean_7d,21477,0.908453787703693,0.8994072151256844,0.8994072151256844
fatigue_mean_7d,fatigue_mean_28d,21477,0.8531782031614227,0.8453239204286132,0.8453239204286132
fatigue_mean_28d,fatigue_mean_7d,21477,0.8531782031614227,0.8453239204286132,0.8453239204286132
fatigue_mean_7d,readiness_mean_3d,20187,0.4524837926186744,0.4502767044602118,0.4502767044602118
readiness_mean_3d,fatigue_mean_7d,20187,0.4524837926186744,0.4502767044602118,0.4502767044602118
fatigue_mean_7d,readiness_mean_7d,21473,0.48879049428689325,0.48771814284459347,0.48771814284459347
readiness_mean_7d,fatigue_mean_7d,21473,0.48879049428689325,0.48771814284459347,0.48771814284459347
fatigue_mean_7d,readiness_mean_14d,21473,0.44039510319385183,0.4397385981947931,0.4397385981947931
readiness_mean_14d,fatigue_mean_7d,21473,0.44039510319385183,0.4397385981947931,0.4397385981947931
fatigue_mean_7d,readiness_mean_28d,21473,0.42215750758968407,0.414035450365719,0.414035450365719
readiness_mean_28d,fatigue_mean_7d,21473,0.42215750758968407,0.414035450365719,0.414035450365719
fatigue_mean_7d,daily_load_baseline_mean_prior,21477,-0.22086945615500936,-0.26874119934664364,0.26874119934664364
daily_load_baseline_mean_prior,fatigue_mean_7d,21477,-0.22086945615500936,-0.26874119934664364,0.26874119934664364
fatigue_mean_7d,daily_load_zscore_prior,21408,0.08844388964583462,0.1202148308505264,0.1202148308505264
daily_load_zscore_prior,fatigue_mean_7d,21408,0.08844388964583462,0.1202148308505264,0.1202148308505264
fatigue_mean_7d,fatigue_baseline_mean_prior,21427,0.7330420967910012,0.743050077085291,0.743050077085291
fatigue_baseline_mean_prior,fatigue_mean_7d,21427,0.7330420967910012,0.743050077085291,0.743050077085291
fatigue_mean_7d,fatigue_zscore_prior,16806,0.2701517354561696,0.220005253653265,0.220005253653265
fatigue_zscore_prior,fatigue_mean_7d,16806,0.2701517354561696,0.220005253653265,0.220005253653265
fatigue_mean_7d,readiness_baseline_mean_prior,21423,0.38453113104178516,0.35689951873821474,0.35689951873821474
readiness_baseline_mean_prior,fatigue_mean_7d,21423,0.38453113104178516,0.35689951873821474,0.35689951873821474
fatigue_mean_7d,readiness_zscore_prior,16857,0.11468993784936779,0.12148491318256652,0.12148491318256652
readiness_zscore_prior,fatigue_mean_7d,16857,0.11468993784936779,0.12148491318256652,0.12148491318256652
fatigue_mean_7d,wellness_report_present,21477,-0.004233911123798903,-0.008842449729278744,0.008842449729278744
wellness_report_present,fatigue_mean_7d,21477,-0.004233911123798903,-0.008842449729278744,0.008842449729278744
fatigue_mean_7d,session_recorded,21477,0.04487901702584091,0.04618351137743039,0.04618351137743039
session_recorded,fatigue_mean_7d,21477,0.04487901702584091,0.04618351137743039,0.04618351137743039
fatigue_mean_7d,daily_load_log1p,21477,0.04219831996569684,0.03151034697040032,0.03151034697040032
daily_load_log1p,fatigue_mean_7d,21477,0.04219831996569684,0.03151034697040032,0.03151034697040032
fatigue_mean_7d,session_duration_minutes_log1p,21477,0.05008599030834521,0.058518036630317655,0.058518036630317655
session_duration_minutes_log1p,fatigue_mean_7d,21477,0.05008599030834521,0.058518036630317655,0.058518036630317655
fatigue_mean_7d,session_srpe_log1p,21477,0.04334863600963221,0.035199458025957156,0.035199458025957156
session_srpe_log1p,fatigue_mean_7d,21477,0.04334863600963221,0.035199458025957156,0.035199458025957156
fatigue_mean_7d,daily_load_sum_3d_log1p,21477,0.05039131890570986,0.01249314463320191,0.01249314463320191
daily_load_sum_3d_log1p,fatigue_mean_7d,21477,0.05039131890570986,0.01249314463320191,0.01249314463320191
fatigue_mean_7d,daily_load_sum_7d_log1p,21477,0.04576379222790512,-0.017559882190002395,0.017559882190002395
daily_load_sum_7d_log1p,fatigue_mean_7d,21477,0.04576379222790512,-0.017559882190002395,0.017559882190002395
fatigue_mean_7d,daily_load_sum_14d_log1p,21477,0.026860481280691628,-0.03233031762256591,0.03233031762256591
daily_load_sum_14d_log1p,fatigue_mean_7d,21477,0.026860481280691628,-0.03233031762256591,0.03233031762256591
fatigue_mean_7d,daily_load_sum_28d_log1p,21477,0.020349165636289898,-0.02717656796918972,0.02717656796918972
daily_load_sum_28d_log1p,fatigue_mean_7d,21477,0.020349165636289898,-0.02717656796918972,0.02717656796918972
fatigue_mean_7d,session_duration_sum_3d_log1p,21477,0.06430829078446038,0.06976511269325004,0.06976511269325004
session_duration_sum_3d_log1p,fatigue_mean_7d,21477,0.06430829078446038,0.06976511269325004,0.06976511269325004
fatigue_mean_7d,session_duration_sum_7d_log1p,21477,0.06621977139662126,0.06481956305918828,0.06481956305918828
session_duration_sum_7d_log1p,fatigue_mean_7d,21477,0.06621977139662126,0.06481956305918828,0.06481956305918828
fatigue_mean_7d,session_duration_sum_14d_log1p,21477,0.054135790198554835,0.05812065201247778,0.05812065201247778
session_duration_sum_14d_log1p,fatigue_mean_7d,21477,0.054135790198554835,0.05812065201247778,0.05812065201247778
fatigue_mean_7d,session_duration_sum_28d_log1p,21477,0.05005195317292525,0.06435608738336906,0.06435608738336906
session_duration_sum_28d_log1p,fatigue_mean_7d,21477,0.05005195317292525,0.06435608738336906,0.06435608738336906
fatigue_mean_7d,session_srpe_sum_3d_log1p,21477,0.05227518553903205,0.019091702885003406,0.019091702885003406
session_srpe_sum_3d_log1p,fatigue_mean_7d,21477,0.05227518553903205,0.019091702885003406,0.019091702885003406
fatigue_mean_7d,session_srpe_sum_7d_log1p,21477,0.04853215775458902,-0.008710805726198175,0.008710805726198175
session_srpe_sum_7d_log1p,fatigue_mean_7d,21477,0.04853215775458902,-0.008710805726198175,0.008710805726198175
fatigue_mean_7d,session_srpe_sum_14d_log1p,21477,0.030537930246490815,-0.02402848143930534,0.02402848143930534
session_srpe_sum_14d_log1p,fatigue_mean_7d,21477,0.030537930246490815,-0.02402848143930534,0.02402848143930534
fatigue_mean_7d,session_srpe_sum_28d_log1p,21477,0.024546759950968652,-0.019569299380129423,0.019569299380129423
session_srpe_sum_28d_log1p,fatigue_mean_7d,21477,0.024546759950968652,-0.019569299380129423,0.019569299380129423
fatigue_mean_14d,fatigue_mean_14d,22572,1.0,1.0,1.0
fatigue_mean_14d,fatigue_mean_28d,22572,0.9281521287705837,0.9253391782565088,0.9253391782565088
fatigue_mean_28d,fatigue_mean_14d,22572,0.9281521287705837,0.9253391782565088,0.9253391782565088
fatigue_mean_14d,readiness_mean_3d,20190,0.4348350724222231,0.436636813171386,0.436636813171386
readiness_mean_3d,fatigue_mean_14d,20190,0.4348350724222231,0.436636813171386,0.436636813171386
fatigue_mean_14d,readiness_mean_7d,21476,0.47150128724625917,0.4720789858105836,0.4720789858105836
readiness_mean_7d,fatigue_mean_14d,21476,0.47150128724625917,0.4720789858105836,0.4720789858105836
fatigue_mean_14d,readiness_mean_14d,22568,0.493080646397456,0.49078793905302487,0.49078793905302487
readiness_mean_14d,fatigue_mean_14d,22568,0.493080646397456,0.49078793905302487,0.49078793905302487
fatigue_mean_14d,readiness_mean_28d,22568,0.45970175291803717,0.45191468855334227,0.45191468855334227
readiness_mean_28d,fatigue_mean_14d,22568,0.45970175291803717,0.45191468855334227,0.45191468855334227
fatigue_mean_14d,daily_load_baseline_mean_prior,22572,-0.2222150119045249,-0.27174729130282066,0.27174729130282066
daily_load_baseline_mean_prior,fatigue_mean_14d,22572,-0.2222150119045249,-0.27174729130282066,0.27174729130282066
fatigue_mean_14d,daily_load_zscore_prior,22503,0.0910566847848263,0.11812822597782219,0.11812822597782219
daily_load_zscore_prior,fatigue_mean_14d,22503,0.0910566847848263,0.11812822597782219,0.11812822597782219
fatigue_mean_14d,fatigue_baseline_mean_prior,22522,0.795748688897737,0.8091457831587437,0.8091457831587437
fatigue_baseline_mean_prior,fatigue_mean_14d,22522,0.795748688897737,0.8091457831587437,0.8091457831587437
fatigue_mean_14d,fatigue_zscore_prior,16806,0.17188775038751147,0.12178780206259683,0.12178780206259683
fatigue_zscore_prior,fatigue_mean_14d,16806,0.17188775038751147,0.12178780206259683,0.12178780206259683
fatigue_mean_14d,readiness_baseline_mean_prior,22518,0.41597263641645305,0.3811175634077599,0.3811175634077599
readiness_baseline_mean_prior,fatigue_mean_14d,22518,0.41597263641645305,0.3811175634077599,0.3811175634077599
fatigue_mean_14d,readiness_zscore_prior,16858,0.06754912625843588,0.07931280306853315,0.07931280306853315
readiness_zscore_prior,fatigue_mean_14d,16858,0.06754912625843588,0.07931280306853315,0.07931280306853315
fatigue_mean_14d,wellness_report_present,22572,0.010117298822630244,0.0013971518164156628,0.0013971518164156628
wellness_report_present,fatigue_mean_14d,22572,0.010117298822630244,0.0013971518164156628,0.0013971518164156628
fatigue_mean_14d,session_recorded,22572,0.04495612010018668,0.045016902071796136,0.045016902071796136
session_recorded,fatigue_mean_14d,22572,0.04495612010018668,0.045016902071796136,0.045016902071796136
fatigue_mean_14d,daily_load_log1p,22572,0.04123988085763778,0.029055492971220887,0.029055492971220887
daily_load_log1p,fatigue_mean_14d,22572,0.04123988085763778,0.029055492971220887,0.029055492971220887
fatigue_mean_14d,session_duration_minutes_log1p,22572,0.04984274391363887,0.05578054475249028,0.05578054475249028
session_duration_minutes_log1p,fatigue_mean_14d,22572,0.04984274391363887,0.05578054475249028,0.05578054475249028
fatigue_mean_14d,session_srpe_log1p,22572,0.04236992468080873,0.032385752082109455,0.032385752082109455
session_srpe_log1p,fatigue_mean_14d,22572,0.04236992468080873,0.032385752082109455,0.032385752082109455
fatigue_mean_14d,daily_load_sum_3d_log1p,22572,0.05114992769129858,0.019511695877786856,0.019511695877786856
daily_load_sum_3d_log1p,fatigue_mean_14d,22572,0.05114992769129858,0.019511695877786856,0.019511695877786856
fatigue_mean_14d,daily_load_sum_7d_log1p,22572,0.05331055881157212,0.0036891803412865726,0.0036891803412865726
daily_load_sum_7d_log1p,fatigue_mean_14d,22572,0.05331055881157212,0.0036891803412865726,0.0036891803412865726
fatigue_mean_14d,daily_load_sum_14d_log1p,22572,0.05198229993883714,-0.01494573679671189,0.01494573679671189
daily_load_sum_14d_log1p,fatigue_mean_14d,22572,0.05198229993883714,-0.01494573679671189,0.01494573679671189
fatigue_mean_14d,daily_load_sum_28d_log1p,22572,0.038505926193902744,-0.021437201711874593,0.021437201711874593
daily_load_sum_28d_log1p,fatigue_mean_14d,22572,0.038505926193902744,-0.021437201711874593,0.021437201711874593
fatigue_mean_14d,session_duration_sum_3d_log1p,22572,0.06395802639354699,0.0730304426019127,0.0730304426019127
session_duration_sum_3d_log1p,fatigue_mean_14d,22572,0.06395802639354699,0.0730304426019127,0.0730304426019127
fatigue_mean_14d,session_duration_sum_7d_log1p,22572,0.06910457993069596,0.08004742521992544,0.08004742521992544
session_duration_sum_7d_log1p,fatigue_mean_14d,22572,0.06910457993069596,0.08004742521992544,0.08004742521992544
fatigue_mean_14d,session_duration_sum_14d_log1p,22572,0.0755313890239349,0.07462097665917473,0.07462097665917473
session_duration_sum_14d_log1p,fatigue_mean_14d,22572,0.0755313890239349,0.07462097665917473,0.07462097665917473
fatigue_mean_14d,session_duration_sum_28d_log1p,22572,0.0701615605396435,0.07460376999623902,0.07460376999623902
session_duration_sum_28d_log1p,fatigue_mean_14d,22572,0.0701615605396435,0.07460376999623902,0.07460376999623902
fatigue_mean_14d,session_srpe_sum_3d_log1p,22572,0.05282839139271572,0.025654634193469437,0.025654634193469437
session_srpe_sum_3d_log1p,fatigue_mean_14d,22572,0.05282839139271572,0.025654634193469437,0.025654634193469437
fatigue_mean_14d,session_srpe_sum_7d_log1p,22572,0.05546363164886608,0.012073514282265224,0.012073514282265224
session_srpe_sum_7d_log1p,fatigue_mean_14d,22572,0.05546363164886608,0.012073514282265224,0.012073514282265224
fatigue_mean_14d,session_srpe_sum_14d_log1p,22572,0.05508504458172278,-0.006890969463166046,0.006890969463166046
session_srpe_sum_14d_log1p,fatigue_mean_14d,22572,0.05508504458172278,-0.006890969463166046,0.006890969463166046
fatigue_mean_14d,session_srpe_sum_28d_log1p,22572,0.04257688837447742,-0.013771710760876233,0.013771710760876233
session_srpe_sum_28d_log1p,fatigue_mean_14d,22572,0.04257688837447742,-0.013771710760876233,0.013771710760876233
fatigue_mean_28d,fatigue_mean_28d,23819,1.0,1.0,1.0
fatigue_mean_28d,readiness_mean_3d,20190,0.42158221133233487,0.42369705081970876,0.42369705081970876
readiness_mean_3d,fatigue_mean_28d,20190,0.42158221133233487,0.42369705081970876,0.42369705081970876
fatigue_mean_28d,readiness_mean_7d,21480,0.45668778289393264,0.45711987499175977,0.45711987499175977
readiness_mean_7d,fatigue_mean_28d,21480,0.45668778289393264,0.45711987499175977,0.45711987499175977
fatigue_mean_28d,readiness_mean_14d,22579,0.4766480863227524,0.4752575602027836,0.4752575602027836
readiness_mean_14d,fatigue_mean_28d,22579,0.4766480863227524,0.4752575602027836,0.4752575602027836
fatigue_mean_28d,readiness_mean_28d,23815,0.4995025559201989,0.495275916331828,0.495275916331828
readiness_mean_28d,fatigue_mean_28d,23815,0.4995025559201989,0.495275916331828,0.495275916331828
fatigue_mean_28d,daily_load_baseline_mean_prior,23819,-0.22257018569942288,-0.26748766109802447,0.26748766109802447
daily_load_baseline_mean_prior,fatigue_mean_28d,23819,-0.22257018569942288,-0.26748766109802447,0.26748766109802447
fatigue_mean_28d,daily_load_zscore_prior,23750,0.0949474461629209,0.11681521181520992,0.11681521181520992
daily_load_zscore_prior,fatigue_mean_28d,23750,0.0949474461629209,0.11681521181520992,0.11681521181520992
fatigue_mean_28d,fatigue_baseline_mean_prior,23769,0.8512472226802549,0.8646025484763742,0.8646025484763742
fatigue_baseline_mean_prior,fatigue_mean_28d,23769,0.8512472226802549,0.8646025484763742,0.8646025484763742
fatigue_mean_28d,fatigue_zscore_prior,16806,0.10363120527493418,0.05462764221635022,0.05462764221635022
fatigue_zscore_prior,fatigue_mean_28d,16806,0.10363120527493418,0.05462764221635022,0.05462764221635022
fatigue_mean_28d,readiness_baseline_mean_prior,23765,0.4476217126813953,0.40606157119823555,0.40606157119823555
readiness_baseline_mean_prior,fatigue_mean_28d,23765,0.4476217126813953,0.40606157119823555,0.40606157119823555
fatigue_mean_28d,readiness_zscore_prior,16858,0.03115008697212186,0.04383714880402832,0.04383714880402832
readiness_zscore_prior,fatigue_mean_28d,16858,0.03115008697212186,0.04383714880402832,0.04383714880402832
fatigue_mean_28d,wellness_report_present,23819,0.020092694650320757,0.011376839372871312,0.011376839372871312
wellness_report_present,fatigue_mean_28d,23819,0.020092694650320757,0.011376839372871312,0.011376839372871312
fatigue_mean_28d,session_recorded,23819,0.04703837618917644,0.045808772756169326,0.045808772756169326
session_recorded,fatigue_mean_28d,23819,0.04703837618917644,0.045808772756169326,0.045808772756169326
fatigue_mean_28d,daily_load_log1p,23819,0.043131025593038906,0.02943489978456756,0.02943489978456756
daily_load_log1p,fatigue_mean_28d,23819,0.043131025593038906,0.02943489978456756,0.02943489978456756
fatigue_mean_28d,session_duration_minutes_log1p,23819,0.05203377599301597,0.056368941140263536,0.056368941140263536
session_duration_minutes_log1p,fatigue_mean_28d,23819,0.05203377599301597,0.056368941140263536,0.056368941140263536
fatigue_mean_28d,session_srpe_log1p,23819,0.044206725330106604,0.03263212765200572,0.03263212765200572
session_srpe_log1p,fatigue_mean_28d,23819,0.044206725330106604,0.03263212765200572,0.03263212765200572
fatigue_mean_28d,daily_load_sum_3d_log1p,23819,0.05660288815132979,0.024276594309323617,0.024276594309323617
daily_load_sum_3d_log1p,fatigue_mean_28d,23819,0.05660288815132979,0.024276594309323617,0.024276594309323617
fatigue_mean_28d,daily_load_sum_7d_log1p,23819,0.05749907526335457,0.016191135858441744,0.016191135858441744
daily_load_sum_7d_log1p,fatigue_mean_28d,23819,0.05749907526335457,0.016191135858441744,0.016191135858441744
fatigue_mean_28d,daily_load_sum_14d_log1p,23819,0.051886025131155096,0.00706552589535361,0.00706552589535361
daily_load_sum_14d_log1p,fatigue_mean_28d,23819,0.051886025131155096,0.00706552589535361,0.00706552589535361
fatigue_mean_28d,daily_load_sum_28d_log1p,23819,0.0574273123539305,-0.004018768918322594,0.004018768918322594
daily_load_sum_28d_log1p,fatigue_mean_28d,23819,0.0574273123539305,-0.004018768918322594,0.004018768918322594
fatigue_mean_28d,session_duration_sum_3d_log1p,23819,0.06863787826955915,0.07562374321911908,0.07562374321911908
session_duration_sum_3d_log1p,fatigue_mean_28d,23819,0.06863787826955915,0.07562374321911908,0.07562374321911908
fatigue_mean_28d,session_duration_sum_7d_log1p,23819,0.07160120727692709,0.08712254672343166,0.08712254672343166
session_duration_sum_7d_log1p,fatigue_mean_28d,23819,0.07160120727692709,0.08712254672343166,0.08712254672343166
fatigue_mean_28d,session_duration_sum_14d_log1p,23819,0.0698090666282384,0.08819860495981717,0.08819860495981717
session_duration_sum_14d_log1p,fatigue_mean_28d,23819,0.0698090666282384,0.08819860495981717,0.08819860495981717
fatigue_mean_28d,session_duration_sum_28d_log1p,23819,0.08520573174904604,0.08805199984530218,0.08805199984530218
session_duration_sum_28d_log1p,fatigue_mean_28d,23819,0.08520573174904604,0.08805199984530218,0.08805199984530218
fatigue_mean_28d,session_srpe_sum_3d_log1p,23819,0.05806894786168052,0.0300040189165715,0.0300040189165715
session_srpe_sum_3d_log1p,fatigue_mean_28d,23819,0.05806894786168052,0.0300040189165715,0.0300040189165715
fatigue_mean_28d,session_srpe_sum_7d_log1p,23819,0.059205417970789896,0.023938521849908568,0.023938521849908568
session_srpe_sum_7d_log1p,fatigue_mean_28d,23819,0.059205417970789896,0.023938521849908568,0.023938521849908568
fatigue_mean_28d,session_srpe_sum_14d_log1p,23819,0.05392197957230841,0.014741884939419334,0.014741884939419334
session_srpe_sum_14d_log1p,fatigue_mean_28d,23819,0.05392197957230841,0.014741884939419334,0.014741884939419334
fatigue_mean_28d,session_srpe_sum_28d_log1p,23819,0.060690880266757015,0.0034621303860016793,0.0034621303860016793
session_srpe_sum_28d_log1p,fatigue_mean_28d,23819,0.060690880266757015,0.0034621303860016793,0.0034621303860016793
readiness_mean_3d,readiness_mean_3d,20190,1.0,1.0,1.0
readiness_mean_3d,readiness_mean_7d,20190,0.9132544678586948,0.9040097705376251,0.9040097705376251
readiness_mean_7d,readiness_mean_3d,20190,0.9132544678586948,0.9040097705376251,0.9040097705376251
readiness_mean_3d,readiness_mean_14d,20190,0.8566131794264166,0.8499507678164414,0.8499507678164414
readiness_mean_14d,readiness_mean_3d,20190,0.8566131794264166,0.8499507678164414,0.8499507678164414
readiness_mean_3d,readiness_mean_28d,20190,0.8106260082504961,0.8087462115014726,0.8087462115014726
readiness_mean_28d,readiness_mean_3d,20190,0.8106260082504961,0.8087462115014726,0.8087462115014726
readiness_mean_3d,daily_load_baseline_mean_prior,20190,-0.09838364849223002,-0.0885619303483591,0.0885619303483591
daily_load_baseline_mean_prior,readiness_mean_3d,20190,-0.09838364849223002,-0.0885619303483591,0.0885619303483591
readiness_mean_3d,daily_load_zscore_prior,20127,0.08820557133554822,0.10767484727090702,0.10767484727090702
daily_load_zscore_prior,readiness_mean_3d,20127,0.08820557133554822,0.10767484727090702,0.10767484727090702
readiness_mean_3d,fatigue_baseline_mean_prior,20141,0.36182591971394196,0.3802924320867353,0.3802924320867353
fatigue_baseline_mean_prior,readiness_mean_3d,20141,0.36182591971394196,0.3802924320867353,0.3802924320867353
readiness_mean_3d,fatigue_zscore_prior,16806,0.18748320614680944,0.15603275359122246,0.15603275359122246
fatigue_zscore_prior,readiness_mean_3d,16806,0.18748320614680944,0.15603275359122246,0.15603275359122246
readiness_mean_3d,readiness_baseline_mean_prior,20140,0.6434273265047609,0.6829428476508925,0.6829428476508925
readiness_baseline_mean_prior,readiness_mean_3d,20140,0.6434273265047609,0.6829428476508925,0.6829428476508925
readiness_mean_3d,readiness_zscore_prior,16858,0.4720367371316176,0.4230949415334038,0.4230949415334038
readiness_zscore_prior,readiness_mean_3d,16858,0.4720367371316176,0.4230949415334038,0.4230949415334038
readiness_mean_3d,wellness_report_present,20190,0.01266241338892723,0.014651335208905584,0.014651335208905584
wellness_report_present,readiness_mean_3d,20190,0.01266241338892723,0.014651335208905584,0.014651335208905584
readiness_mean_3d,session_recorded,20190,0.08842357894987252,0.07545978539513407,0.07545978539513407
session_recorded,readiness_mean_3d,20190,0.08842357894987252,0.07545978539513407,0.07545978539513407
readiness_mean_3d,daily_load_log1p,20190,0.09465541296122956,0.0867501891076715,0.0867501891076715
daily_load_log1p,readiness_mean_3d,20190,0.09465541296122956,0.0867501891076715,0.0867501891076715
readiness_mean_3d,session_duration_minutes_log1p,20190,0.09584113585083484,0.09504888361245231,0.09504888361245231
session_duration_minutes_log1p,readiness_mean_3d,20190,0.09584113585083484,0.09504888361245231,0.09504888361245231
readiness_mean_3d,session_srpe_log1p,20190,0.09596512045940037,0.09241637721806019,0.09241637721806019
session_srpe_log1p,readiness_mean_3d,20190,0.09596512045940037,0.09241637721806019,0.09241637721806019
readiness_mean_3d,daily_load_sum_3d_log1p,20190,0.13949016441283985,0.08154395408843074,0.08154395408843074
daily_load_sum_3d_log1p,readiness_mean_3d,20190,0.13949016441283985,0.08154395408843074,0.08154395408843074
readiness_mean_3d,daily_load_sum_7d_log1p,20190,0.10754140694529812,0.05279975546365891,0.05279975546365891
daily_load_sum_7d_log1p,readiness_mean_3d,20190,0.10754140694529812,0.05279975546365891,0.05279975546365891
readiness_mean_3d,daily_load_sum_14d_log1p,20190,0.07167236305371828,0.04856614936270796,0.04856614936270796
daily_load_sum_14d_log1p,readiness_mean_3d,20190,0.07167236305371828,0.04856614936270796,0.04856614936270796
readiness_mean_3d,daily_load_sum_28d_log1p,20190,0.03483958954439662,0.04041205113914071,0.04041205113914071
daily_load_sum_28d_log1p,readiness_mean_3d,20190,0.03483958954439662,0.04041205113914071,0.04041205113914071
readiness_mean_3d,session_duration_sum_3d_log1p,20190,0.14649975797891654,0.11081585041159367,0.11081585041159367
session_duration_sum_3d_log1p,readiness_mean_3d,20190,0.14649975797891654,0.11081585041159367,0.11081585041159367
readiness_mean_3d,session_duration_sum_7d_log1p,20190,0.11966832850659961,0.10250150320031082,0.10250150320031082
session_duration_sum_7d_log1p,readiness_mean_3d,20190,0.11966832850659961,0.10250150320031082,0.10250150320031082
readiness_mean_3d,session_duration_sum_14d_log1p,20190,0.08559284013291646,0.10158413566918617,0.10158413566918617
session_duration_sum_14d_log1p,readiness_mean_3d,20190,0.08559284013291646,0.10158413566918617,0.10158413566918617
readiness_mean_3d,session_duration_sum_28d_log1p,20190,0.049928817965498036,0.09481089542374588,0.09481089542374588
session_duration_sum_28d_log1p,readiness_mean_3d,20190,0.049928817965498036,0.09481089542374588,0.09481089542374588
readiness_mean_3d,session_srpe_sum_3d_log1p,20190,0.14201739364538013,0.0919161519156148,0.0919161519156148
session_srpe_sum_3d_log1p,readiness_mean_3d,20190,0.14201739364538013,0.0919161519156148,0.0919161519156148
readiness_mean_3d,session_srpe_sum_7d_log1p,20190,0.11118526970715617,0.06734375452926687,0.06734375452926687
session_srpe_sum_7d_log1p,readiness_mean_3d,20190,0.11118526970715617,0.06734375452926687,0.06734375452926687
readiness_mean_3d,session_srpe_sum_14d_log1p,20190,0.07620705776405555,0.06322465568122991,0.06322465568122991
session_srpe_sum_14d_log1p,readiness_mean_3d,20190,0.07620705776405555,0.06322465568122991,0.06322465568122991
readiness_mean_3d,session_srpe_sum_28d_log1p,20190,0.04007210454876418,0.0545905500647725,0.0545905500647725
session_srpe_sum_28d_log1p,readiness_mean_3d,20190,0.04007210454876418,0.0545905500647725,0.0545905500647725
readiness_mean_7d,readiness_mean_7d,21480,1.0,1.0,1.0
readiness_mean_7d,readiness_mean_14d,21480,0.9413947648210216,0.9370804442506826,0.9370804442506826
readiness_mean_14d,readiness_mean_7d,21480,0.9413947648210216,0.9370804442506826,0.9370804442506826
readiness_mean_7d,readiness_mean_28d,21480,0.8869060576029315,0.886898057813141,0.886898057813141
readiness_mean_28d,readiness_mean_7d,21480,0.8869060576029315,0.886898057813141,0.886898057813141
readiness_mean_7d,daily_load_baseline_mean_prior,21480,-0.09790268002257871,-0.07477746660453982,0.07477746660453982
daily_load_baseline_mean_prior,readiness_mean_7d,21480,-0.09790268002257871,-0.07477746660453982,0.07477746660453982
readiness_mean_7d,daily_load_zscore_prior,21415,0.08153611293023849,0.09014308755369758,0.09014308755369758
daily_load_zscore_prior,readiness_mean_7d,21415,0.08153611293023849,0.09014308755369758,0.09014308755369758
readiness_mean_7d,fatigue_baseline_mean_prior,21431,0.39340647105842824,0.4103699562037021,0.4103699562037021
fatigue_baseline_mean_prior,readiness_mean_7d,21431,0.39340647105842824,0.4103699562037021,0.4103699562037021
readiness_mean_7d,fatigue_zscore_prior,16806,0.11293662531729233,0.08434527121030917,0.08434527121030917
fatigue_zscore_prior,readiness_mean_7d,16806,0.11293662531729233,0.08434527121030917,0.08434527121030917
readiness_mean_7d,readiness_baseline_mean_prior,21430,0.6964248149125706,0.74102549749481,0.74102549749481
readiness_baseline_mean_prior,readiness_mean_7d,21430,0.6964248149125706,0.74102549749481,0.74102549749481
readiness_mean_7d,readiness_zscore_prior,16858,0.3416867319587842,0.2880563058511883,0.2880563058511883
readiness_zscore_prior,readiness_mean_7d,16858,0.3416867319587842,0.2880563058511883,0.2880563058511883
readiness_mean_7d,wellness_report_present,21480,0.020265910149520207,0.029585756859476793,0.029585756859476793
wellness_report_present,readiness_mean_7d,21480,0.020265910149520207,0.029585756859476793,0.029585756859476793
readiness_mean_7d,session_recorded,21480,0.07513106639308038,0.07148581543792348,0.07148581543792348
session_recorded,readiness_mean_7d,21480,0.07513106639308038,0.07148581543792348,0.07148581543792348
readiness_mean_7d,daily_load_log1p,21480,0.07905099932880992,0.0735990069595392,0.0735990069595392
daily_load_log1p,readiness_mean_7d,21480,0.07905099932880992,0.0735990069595392,0.0735990069595392
readiness_mean_7d,session_duration_minutes_log1p,21480,0.08233985303368697,0.08981823331498114,0.08981823331498114
session_duration_minutes_log1p,readiness_mean_7d,21480,0.08233985303368697,0.08981823331498114,0.08981823331498114
readiness_mean_7d,session_srpe_log1p,21480,0.08036437258072851,0.07899189151941734,0.07899189151941734
session_srpe_log1p,readiness_mean_7d,21480,0.08036437258072851,0.07899189151941734,0.07899189151941734
readiness_mean_7d,daily_load_sum_3d_log1p,21480,0.12203355668546746,0.09075459333001358,0.09075459333001358
daily_load_sum_3d_log1p,readiness_mean_7d,21480,0.12203355668546746,0.09075459333001358,0.09075459333001358
readiness_mean_7d,daily_load_sum_7d_log1p,21480,0.12476864466438763,0.08315255632707645,0.08315255632707645
daily_load_sum_7d_log1p,readiness_mean_7d,21480,0.12476864466438763,0.08315255632707645,0.08315255632707645
readiness_mean_7d,daily_load_sum_14d_log1p,21480,0.08201564494329959,0.06875928395560217,0.06875928395560217
daily_load_sum_14d_log1p,readiness_mean_7d,21480,0.08201564494329959,0.06875928395560217,0.06875928395560217
readiness_mean_7d,daily_load_sum_28d_log1p,21480,0.045212170691013555,0.057156237218656536,0.057156237218656536
daily_load_sum_28d_log1p,readiness_mean_7d,21480,0.045212170691013555,0.057156237218656536,0.057156237218656536
readiness_mean_7d,session_duration_sum_3d_log1p,21480,0.1280807743044808,0.12010817810244148,0.12010817810244148
session_duration_sum_3d_log1p,readiness_mean_7d,21480,0.1280807743044808,0.12010817810244148,0.12010817810244148
readiness_mean_7d,session_duration_sum_7d_log1p,21480,0.1344076206204276,0.1284288442151852,0.1284288442151852
session_duration_sum_7d_log1p,readiness_mean_7d,21480,0.1344076206204276,0.1284288442151852,0.1284288442151852
readiness_mean_7d,session_duration_sum_14d_log1p,21480,0.09544098449455861,0.12117091870325604,0.12117091870325604
session_duration_sum_14d_log1p,readiness_mean_7d,21480,0.09544098449455861,0.12117091870325604,0.12117091870325604
readiness_mean_7d,session_duration_sum_28d_log1p,21480,0.058755539108806244,0.111378690377276,0.111378690377276
session_duration_sum_28d_log1p,readiness_mean_7d,21480,0.058755539108806244,0.111378690377276,0.111378690377276
readiness_mean_7d,session_srpe_sum_3d_log1p,21480,0.12413226404381422,0.10052656963822654,0.10052656963822654
session_srpe_sum_3d_log1p,readiness_mean_7d,21480,0.12413226404381422,0.10052656963822654,0.10052656963822654
readiness_mean_7d,session_srpe_sum_7d_log1p,21480,0.12788761843012048,0.09722596685730985,0.09722596685730985
session_srpe_sum_7d_log1p,readiness_mean_7d,21480,0.12788761843012048,0.09722596685730985,0.09722596685730985
readiness_mean_7d,session_srpe_sum_14d_log1p,21480,0.08608930186273449,0.08296167930161415,0.08296167930161415
session_srpe_sum_14d_log1p,readiness_mean_7d,21480,0.08608930186273449,0.08296167930161415,0.08296167930161415
readiness_mean_7d,session_srpe_sum_28d_log1p,21480,0.05015666045261247,0.07110099688854,0.07110099688854
session_srpe_sum_28d_log1p,readiness_mean_7d,21480,0.05015666045261247,0.07110099688854,0.07110099688854
readiness_mean_14d,readiness_mean_14d,22579,1.0,1.0,1.0
readiness_mean_14d,readiness_mean_28d,22579,0.9456103655032716,0.9439770348724004,0.9439770348724004
readiness_mean_28d,readiness_mean_14d,22579,0.9456103655032716,0.9439770348724004,0.9439770348724004
readiness_mean_14d,daily_load_baseline_mean_prior,22579,-0.09331271770236489,-0.06242001860780614,0.06242001860780614
daily_load_baseline_mean_prior,readiness_mean_14d,22579,-0.09331271770236489,-0.06242001860780614,0.06242001860780614
readiness_mean_14d,daily_load_zscore_prior,22514,0.07828412364309391,0.08181642172198153,0.08181642172198153
daily_load_zscore_prior,readiness_mean_14d,22514,0.07828412364309391,0.08181642172198153,0.08181642172198153
readiness_mean_14d,fatigue_baseline_mean_prior,22530,0.4114577885269733,0.42663998716520934,0.42663998716520934
fatigue_baseline_mean_prior,readiness_mean_14d,22530,0.4114577885269733,0.42663998716520934,0.42663998716520934
readiness_mean_14d,fatigue_zscore_prior,16806,0.07876214960536577,0.05091550513341137,0.05091550513341137
fatigue_zscore_prior,readiness_mean_14d,16806,0.07876214960536577,0.05091550513341137,0.05091550513341137
readiness_mean_14d,readiness_baseline_mean_prior,22529,0.7357237177342749,0.7794491974507148,0.7794491974507148
readiness_baseline_mean_prior,readiness_mean_14d,22529,0.7357237177342749,0.7794491974507148,0.7794491974507148
readiness_mean_14d,readiness_zscore_prior,16858,0.24819558832775698,0.21050596151430662,0.21050596151430662
readiness_zscore_prior,readiness_mean_14d,16858,0.24819558832775698,0.21050596151430662,0.21050596151430662
readiness_mean_14d,wellness_report_present,22579,0.0323188101669267,0.04282705030479198,0.04282705030479198
wellness_report_present,readiness_mean_14d,22579,0.0323188101669267,0.04282705030479198,0.04282705030479198
readiness_mean_14d,session_recorded,22579,0.06818724053286751,0.07267942558381255,0.07267942558381255
session_recorded,readiness_mean_14d,22579,0.06818724053286751,0.07267942558381255,0.07267942558381255
readiness_mean_14d,daily_load_log1p,22579,0.07075842394148588,0.07045071872887458,0.07045071872887458
daily_load_log1p,readiness_mean_14d,22579,0.07075842394148588,0.07045071872887458,0.07045071872887458
readiness_mean_14d,session_duration_minutes_log1p,22579,0.07459000290314276,0.08721699675295737,0.08721699675295737
session_duration_minutes_log1p,readiness_mean_14d,22579,0.07459000290314276,0.08721699675295737,0.08721699675295737
readiness_mean_14d,session_srpe_log1p,22579,0.07208144762863294,0.07557033649270939,0.07557033649270939
session_srpe_log1p,readiness_mean_14d,22579,0.07208144762863294,0.07557033649270939,0.07557033649270939
readiness_mean_14d,daily_load_sum_3d_log1p,22579,0.10082700498400357,0.09274463544311963,0.09274463544311963
daily_load_sum_3d_log1p,readiness_mean_14d,22579,0.10082700498400357,0.09274463544311963,0.09274463544311963
readiness_mean_14d,daily_load_sum_7d_log1p,22579,0.09881407602702408,0.09356200150685623,0.09356200150685623
daily_load_sum_7d_log1p,readiness_mean_14d,22579,0.09881407602702408,0.09356200150685623,0.09356200150685623
readiness_mean_14d,daily_load_sum_14d_log1p,22579,0.09031632948720973,0.08960330988698631,0.08960330988698631
daily_load_sum_14d_log1p,readiness_mean_14d,22579,0.09031632948720973,0.08960330988698631,0.08960330988698631
readiness_mean_14d,daily_load_sum_28d_log1p,22579,0.05829092028535958,0.07299694853255756,0.07299694853255756
daily_load_sum_28d_log1p,readiness_mean_14d,22579,0.05829092028535958,0.07299694853255756,0.07299694853255756
readiness_mean_14d,session_duration_sum_3d_log1p,22579,0.10648661720738167,0.11906222907733455,0.11906222907733455
session_duration_sum_3d_log1p,readiness_mean_14d,22579,0.10648661720738167,0.11906222907733455,0.11906222907733455
readiness_mean_14d,session_duration_sum_7d_log1p,22579,0.10662774686440349,0.13274670715142714,0.13274670715142714
session_duration_sum_7d_log1p,readiness_mean_14d,22579,0.10662774686440349,0.13274670715142714,0.13274670715142714
readiness_mean_14d,session_duration_sum_14d_log1p,22579,0.10154362055083203,0.13627355938417504,0.13627355938417504
session_duration_sum_14d_log1p,readiness_mean_14d,22579,0.10154362055083203,0.13627355938417504,0.13627355938417504
readiness_mean_14d,session_duration_sum_28d_log1p,22579,0.07105851437857442,0.12379833837047236,0.12379833837047236
session_duration_sum_28d_log1p,readiness_mean_14d,22579,0.07105851437857442,0.12379833837047236,0.12379833837047236
readiness_mean_14d,session_srpe_sum_3d_log1p,22579,0.10275880877327562,0.1021231516669583,0.1021231516669583
session_srpe_sum_3d_log1p,readiness_mean_14d,22579,0.10275880877327562,0.1021231516669583,0.1021231516669583
readiness_mean_14d,session_srpe_sum_7d_log1p,22579,0.10126570503532992,0.1072008250646191,0.1072008250646191
session_srpe_sum_7d_log1p,readiness_mean_14d,22579,0.10126570503532992,0.1072008250646191,0.1072008250646191
readiness_mean_14d,session_srpe_sum_14d_log1p,22579,0.09375124532970133,0.10345212120369496,0.10345212120369496
session_srpe_sum_14d_log1p,readiness_mean_14d,22579,0.09375124532970133,0.10345212120369496,0.10345212120369496
readiness_mean_14d,session_srpe_sum_28d_log1p,22579,0.0629036085738864,0.08665458595353265,0.08665458595353265
session_srpe_sum_28d_log1p,readiness_mean_14d,22579,0.0629036085738864,0.08665458595353265,0.08665458595353265
readiness_mean_28d,readiness_mean_28d,23815,1.0,1.0,1.0
readiness_mean_28d,daily_load_baseline_mean_prior,23815,-0.0894989085873007,-0.04982589747002367,0.04982589747002367
daily_load_baseline_mean_prior,readiness_mean_28d,23815,-0.0894989085873007,-0.04982589747002367,0.04982589747002367
readiness_mean_28d,daily_load_zscore_prior,23750,0.07508521890108964,0.07416157550216242,0.07416157550216242
daily_load_zscore_prior,readiness_mean_28d,23750,0.07508521890108964,0.07416157550216242,0.07416157550216242
readiness_mean_28d,fatigue_baseline_mean_prior,23766,0.4357437693349991,0.44372389468772655,0.44372389468772655
fatigue_baseline_mean_prior,readiness_mean_28d,23766,0.4357437693349991,0.44372389468772655,0.44372389468772655
readiness_mean_28d,fatigue_zscore_prior,16806,0.055185532853739346,0.027563995479008695,0.027563995479008695
fatigue_zscore_prior,readiness_mean_28d,16806,0.055185532853739346,0.027563995479008695,0.027563995479008695
readiness_mean_28d,readiness_baseline_mean_prior,23765,0.7813267440906219,0.8147723413844443,0.8147723413844443
readiness_baseline_mean_prior,readiness_mean_28d,23765,0.7813267440906219,0.8147723413844443,0.8147723413844443
readiness_mean_28d,readiness_zscore_prior,16858,0.17160062720445315,0.14461597848465124,0.14461597848465124
readiness_zscore_prior,readiness_mean_28d,16858,0.17160062720445315,0.14461597848465124,0.14461597848465124
readiness_mean_28d,wellness_report_present,23815,0.03883157021967262,0.057994886852240635,0.057994886852240635
wellness_report_present,readiness_mean_28d,23815,0.03883157021967262,0.057994886852240635,0.057994886852240635
readiness_mean_28d,session_recorded,23815,0.059671130115789194,0.07112838368945329,0.07112838368945329
session_recorded,readiness_mean_28d,23815,0.059671130115789194,0.07112838368945329,0.07112838368945329
readiness_mean_28d,daily_load_log1p,23815,0.06163761753385702,0.06832139973754645,0.06832139973754645
daily_load_log1p,readiness_mean_28d,23815,0.06163761753385702,0.06832139973754645,0.06832139973754645
readiness_mean_28d,session_duration_minutes_log1p,23815,0.06593302338747724,0.08524233176051751,0.08524233176051751
session_duration_minutes_log1p,readiness_mean_28d,23815,0.06593302338747724,0.08524233176051751,0.08524233176051751
readiness_mean_28d,session_srpe_log1p,23815,0.06294682504656918,0.07306268848108047,0.07306268848108047
session_srpe_log1p,readiness_mean_28d,23815,0.06294682504656918,0.07306268848108047,0.07306268848108047
readiness_mean_28d,daily_load_sum_3d_log1p,23815,0.08621002290395709,0.09179903131366088,0.09179903131366088
daily_load_sum_3d_log1p,readiness_mean_28d,23815,0.08621002290395709,0.09179903131366088,0.09179903131366088
readiness_mean_28d,daily_load_sum_7d_log1p,23815,0.08353500443907479,0.09576034008706948,0.09576034008706948
daily_load_sum_7d_log1p,readiness_mean_28d,23815,0.08353500443907479,0.09576034008706948,0.09576034008706948
readiness_mean_28d,daily_load_sum_14d_log1p,23815,0.07687875994014653,0.09897778537473273,0.09897778537473273
daily_load_sum_14d_log1p,readiness_mean_28d,23815,0.07687875994014653,0.09897778537473273,0.09897778537473273
readiness_mean_28d,daily_load_sum_28d_log1p,23815,0.07340425469421501,0.09347406661424455,0.09347406661424455
daily_load_sum_28d_log1p,readiness_mean_28d,23815,0.07340425469421501,0.09347406661424455,0.09347406661424455
readiness_mean_28d,session_duration_sum_3d_log1p,23815,0.09167842388319065,0.1162478295008098,0.1162478295008098
session_duration_sum_3d_log1p,readiness_mean_28d,23815,0.09167842388319065,0.1162478295008098,0.1162478295008098
readiness_mean_28d,session_duration_sum_7d_log1p,23815,0.09025741904729205,0.1307522144462307,0.1307522144462307
session_duration_sum_7d_log1p,readiness_mean_28d,23815,0.09025741904729205,0.1307522144462307,0.1307522144462307
readiness_mean_28d,session_duration_sum_14d_log1p,23815,0.0855188609144448,0.13878904933854622,0.13878904933854622
session_duration_sum_14d_log1p,readiness_mean_28d,23815,0.0855188609144448,0.13878904933854622,0.13878904933854622
readiness_mean_28d,session_duration_sum_28d_log1p,23815,0.08443641999606233,0.13838155150261236,0.13838155150261236
session_duration_sum_28d_log1p,readiness_mean_28d,23815,0.08443641999606233,0.13838155150261236,0.13838155150261236
readiness_mean_28d,session_srpe_sum_3d_log1p,23815,0.08797788696016996,0.10038171797142649,0.10038171797142649
session_srpe_sum_3d_log1p,readiness_mean_28d,23815,0.08797788696016996,0.10038171797142649,0.10038171797142649
readiness_mean_28d,session_srpe_sum_7d_log1p,23815,0.08559890978938518,0.10827337748872855,0.10827337748872855
session_srpe_sum_7d_log1p,readiness_mean_28d,23815,0.08559890978938518,0.10827337748872855,0.10827337748872855
readiness_mean_28d,session_srpe_sum_14d_log1p,23815,0.07926789216433287,0.1120285588505854,0.1120285588505854
session_srpe_sum_14d_log1p,readiness_mean_28d,23815,0.07926789216433287,0.1120285588505854,0.1120285588505854
readiness_mean_28d,session_srpe_sum_28d_log1p,23815,0.07712895859232931,0.10656575053846937,0.10656575053846937
session_srpe_sum_28d_log1p,readiness_mean_28d,23815,0.07712895859232931,0.10656575053846937,0.10656575053846937
daily_load_baseline_mean_prior,daily_load_baseline_mean_prior,36500,1.0,1.0,1.0
daily_load_baseline_mean_prior,daily_load_zscore_prior,27598,-0.2086702769607998,-0.21773242406072188,0.21773242406072188
daily_load_zscore_prior,daily_load_baseline_mean_prior,27598,-0.2086702769607998,-0.21773242406072188,0.21773242406072188
daily_load_baseline_mean_prior,fatigue_baseline_mean_prior,27327,-0.17120631805734626,-0.22421473881338858,0.22421473881338858
fatigue_baseline_mean_prior,daily_load_baseline_mean_prior,27327,-0.17120631805734626,-0.22421473881338858,0.22421473881338858
daily_load_baseline_mean_prior,fatigue_zscore_prior,16806,-0.040775202669041326,-0.024564819608647995,0.024564819608647995
fatigue_zscore_prior,daily_load_baseline_mean_prior,16806,-0.040775202669041326,-0.024564819608647995,0.024564819608647995
daily_load_baseline_mean_prior,readiness_baseline_mean_prior,27323,-0.06717543365134801,-0.01786160537273098,0.01786160537273098
readiness_baseline_mean_prior,daily_load_baseline_mean_prior,27323,-0.06717543365134801,-0.01786160537273098,0.01786160537273098
daily_load_baseline_mean_prior,readiness_zscore_prior,16858,-0.011980210925401028,-0.024982749638788715,0.024982749638788715
readiness_zscore_prior,daily_load_baseline_mean_prior,16858,-0.011980210925401028,-0.024982749638788715,0.024982749638788715
daily_load_baseline_mean_prior,wellness_report_present,36500,0.5488712371422945,0.5747989707774787,0.5747989707774787
wellness_report_present,daily_load_baseline_mean_prior,36500,0.5488712371422945,0.5747989707774787,0.5747989707774787
daily_load_baseline_mean_prior,session_recorded,36500,0.47464024834848834,0.49386341544301476,0.49386341544301476
session_recorded,daily_load_baseline_mean_prior,36500,0.47464024834848834,0.49386341544301476,0.49386341544301476
daily_load_baseline_mean_prior,daily_load_log1p,36500,0.473584029382325,0.4800281045616959,0.4800281045616959
daily_load_log1p,daily_load_baseline_mean_prior,36500,0.473584029382325,0.4800281045616959,0.4800281045616959
daily_load_baseline_mean_prior,session_duration_minutes_log1p,36500,0.46968654556661305,0.47034009090811696,0.47034009090811696
session_duration_minutes_log1p,daily_load_baseline_mean_prior,36500,0.46968654556661305,0.47034009090811696,0.47034009090811696
daily_load_baseline_mean_prior,session_srpe_log1p,36500,0.47285456293917566,0.47844268414453506,0.47844268414453506
session_srpe_log1p,daily_load_baseline_mean_prior,36500,0.47285456293917566,0.47844268414453506,0.47844268414453506
daily_load_baseline_mean_prior,daily_load_sum_3d_log1p,36500,0.6155770657520405,0.6135863755934219,0.6135863755934219
daily_load_sum_3d_log1p,daily_load_baseline_mean_prior,36500,0.6155770657520405,0.6135863755934219,0.6135863755934219
daily_load_baseline_mean_prior,daily_load_sum_7d_log1p,36500,0.6511023940352832,0.6629948894104525,0.6629948894104525
daily_load_sum_7d_log1p,daily_load_baseline_mean_prior,36500,0.6511023940352832,0.6629948894104525,0.6629948894104525
daily_load_baseline_mean_prior,daily_load_sum_14d_log1p,36500,0.6767827792693356,0.7033071214138734,0.7033071214138734
daily_load_sum_14d_log1p,daily_load_baseline_mean_prior,36500,0.6767827792693356,0.7033071214138734,0.7033071214138734
daily_load_baseline_mean_prior,daily_load_sum_28d_log1p,36500,0.7066144129152508,0.7507475615770391,0.7507475615770391
daily_load_sum_28d_log1p,daily_load_baseline_mean_prior,36500,0.7066144129152508,0.7507475615770391,0.7507475615770391
daily_load_baseline_mean_prior,session_duration_sum_3d_log1p,36500,0.610428155295673,0.5977495933398084,0.5977495933398084
session_duration_sum_3d_log1p,daily_load_baseline_mean_prior,36500,0.610428155295673,0.5977495933398084,0.5977495933398084
daily_load_baseline_mean_prior,session_duration_sum_7d_log1p,36500,0.6480779998747116,0.6393690025224346,0.6393690025224346
session_duration_sum_7d_log1p,daily_load_baseline_mean_prior,36500,0.6480779998747116,0.6393690025224346,0.6393690025224346
daily_load_baseline_mean_prior,session_duration_sum_14d_log1p,36500,0.6755637023364189,0.67616954802275,0.67616954802275
session_duration_sum_14d_log1p,daily_load_baseline_mean_prior,36500,0.6755637023364189,0.67616954802275,0.67616954802275
daily_load_baseline_mean_prior,session_duration_sum_28d_log1p,36500,0.7074572869034088,0.7206475287672905,0.7206475287672905
session_duration_sum_28d_log1p,daily_load_baseline_mean_prior,36500,0.7074572869034088,0.7206475287672905,0.7206475287672905
daily_load_baseline_mean_prior,session_srpe_sum_3d_log1p,36500,0.6147620124798153,0.6109552349108194,0.6109552349108194
session_srpe_sum_3d_log1p,daily_load_baseline_mean_prior,36500,0.6147620124798153,0.6109552349108194,0.6109552349108194
daily_load_baseline_mean_prior,session_srpe_sum_7d_log1p,36500,0.6502318890324651,0.6592687363470535,0.6592687363470535
session_srpe_sum_7d_log1p,daily_load_baseline_mean_prior,36500,0.6502318890324651,0.6592687363470535,0.6592687363470535
daily_load_baseline_mean_prior,session_srpe_sum_14d_log1p,36500,0.6759422526564862,0.6996555824670607,0.6996555824670607
session_srpe_sum_14d_log1p,daily_load_baseline_mean_prior,36500,0.6759422526564862,0.6996555824670607,0.6996555824670607
daily_load_baseline_mean_prior,session_srpe_sum_28d_log1p,36500,0.7057729237024798,0.7473018635342273,0.7473018635342273
session_srpe_sum_28d_log1p,daily_load_baseline_mean_prior,36500,0.7057729237024798,0.7473018635342273,0.7473018635342273
daily_load_zscore_prior,daily_load_zscore_prior,27598,1.0,1.0,1.0
daily_load_zscore_prior,fatigue_baseline_mean_prior,27299,0.09148658186819078,0.09542514100700994,0.09542514100700994
fatigue_baseline_mean_prior,daily_load_zscore_prior,27299,0.09148658186819078,0.09542514100700994,0.09542514100700994
daily_load_zscore_prior,fatigue_zscore_prior,16803,0.0704574805484642,0.07823607023452334,0.07823607023452334
fatigue_zscore_prior,daily_load_zscore_prior,16803,0.0704574805484642,0.07823607023452334,0.07823607023452334
daily_load_zscore_prior,readiness_baseline_mean_prior,27299,0.034228989932755145,0.01010577556502352,0.01010577556502352
readiness_baseline_mean_prior,daily_load_zscore_prior,27299,0.034228989932755145,0.01010577556502352,0.01010577556502352
daily_load_zscore_prior,readiness_zscore_prior,16853,0.11454490779927184,0.1853176056514572,0.1853176056514572
readiness_zscore_prior,daily_load_zscore_prior,16853,0.11454490779927184,0.1853176056514572,0.1853176056514572
daily_load_zscore_prior,wellness_report_present,27598,0.24454396789283314,0.34142014866488923,0.34142014866488923
wellness_report_present,daily_load_zscore_prior,27598,0.24454396789283314,0.34142014866488923,0.34142014866488923
daily_load_zscore_prior,session_recorded,27598,0.49643911735127655,0.7791547174317824,0.7791547174317824
session_recorded,daily_load_zscore_prior,27598,0.49643911735127655,0.7791547174317824,0.7791547174317824
daily_load_zscore_prior,daily_load_log1p,27598,0.546570077989288,0.862875505611107,0.862875505611107
daily_load_log1p,daily_load_zscore_prior,27598,0.546570077989288,0.862875505611107,0.862875505611107
daily_load_zscore_prior,session_duration_minutes_log1p,27598,0.5360899842571519,0.844724716778118,0.844724716778118
session_duration_minutes_log1p,daily_load_zscore_prior,27598,0.5360899842571519,0.844724716778118,0.844724716778118
daily_load_zscore_prior,session_srpe_log1p,27598,0.5461766859833425,0.8620981285882288,0.8620981285882288
session_srpe_log1p,daily_load_zscore_prior,27598,0.5461766859833425,0.8620981285882288,0.8620981285882288
daily_load_zscore_prior,daily_load_sum_3d_log1p,27598,0.3303756581117515,0.5295545650143756,0.5295545650143756
daily_load_sum_3d_log1p,daily_load_zscore_prior,27598,0.3303756581117515,0.5295545650143756,0.5295545650143756
daily_load_zscore_prior,daily_load_sum_7d_log1p,27598,0.26315009768663783,0.42451308696004536,0.42451308696004536
daily_load_sum_7d_log1p,daily_load_zscore_prior,27598,0.26315009768663783,0.42451308696004536,0.42451308696004536
daily_load_zscore_prior,daily_load_sum_14d_log1p,27598,0.2166621870049812,0.3474810514761548,0.3474810514761548
daily_load_sum_14d_log1p,daily_load_zscore_prior,27598,0.2166621870049812,0.3474810514761548,0.3474810514761548
daily_load_zscore_prior,daily_load_sum_28d_log1p,27598,0.16496927879189457,0.26571970739616857,0.26571970739616857
daily_load_sum_28d_log1p,daily_load_zscore_prior,27598,0.16496927879189457,0.26571970739616857,0.26571970739616857
daily_load_zscore_prior,session_duration_sum_3d_log1p,27598,0.33456753994125027,0.5476670003871165,0.5476670003871165
session_duration_sum_3d_log1p,daily_load_zscore_prior,27598,0.33456753994125027,0.5476670003871165,0.5476670003871165
daily_load_zscore_prior,session_duration_sum_7d_log1p,27598,0.26659462246124604,0.44110180560924767,0.44110180560924767
session_duration_sum_7d_log1p,daily_load_zscore_prior,27598,0.26659462246124604,0.44110180560924767,0.44110180560924767
daily_load_zscore_prior,session_duration_sum_14d_log1p,27598,0.219485587088746,0.36670186330679627,0.36670186330679627
session_duration_sum_14d_log1p,daily_load_zscore_prior,27598,0.219485587088746,0.36670186330679627,0.36670186330679627
daily_load_zscore_prior,session_duration_sum_28d_log1p,27598,0.1667114828305203,0.2878530173984088,0.2878530173984088
session_duration_sum_28d_log1p,daily_load_zscore_prior,27598,0.1667114828305203,0.2878530173984088,0.2878530173984088
daily_load_zscore_prior,session_srpe_sum_3d_log1p,27598,0.3303236065310853,0.5303834656875328,0.5303834656875328
session_srpe_sum_3d_log1p,daily_load_zscore_prior,27598,0.3303236065310853,0.5303834656875328,0.5303834656875328
daily_load_zscore_prior,session_srpe_sum_7d_log1p,27598,0.26328833912566835,0.42682301220702057,0.42682301220702057
session_srpe_sum_7d_log1p,daily_load_zscore_prior,27598,0.26328833912566835,0.42682301220702057,0.42682301220702057
daily_load_zscore_prior,session_srpe_sum_14d_log1p,27598,0.216829778235205,0.34996105329172156,0.34996105329172156
session_srpe_sum_14d_log1p,daily_load_zscore_prior,27598,0.216829778235205,0.34996105329172156,0.34996105329172156
daily_load_zscore_prior,session_srpe_sum_28d_log1p,27598,0.16518507521570464,0.2684194570233564,0.2684194570233564
session_srpe_sum_28d_log1p,daily_load_zscore_prior,27598,0.16518507521570464,0.2684194570233564,0.2684194570233564
fatigue_baseline_mean_prior,fatigue_baseline_mean_prior,27327,1.0,1.0,1.0
fatigue_baseline_mean_prior,fatigue_zscore_prior,16806,-0.05899319522500524,-0.09654972537115533,0.09654972537115533
fatigue_zscore_prior,fatigue_baseline_mean_prior,16806,-0.05899319522500524,-0.09654972537115533,0.09654972537115533
fatigue_baseline_mean_prior,readiness_baseline_mean_prior,27323,0.5285532062563566,0.46265287320770343,0.46265287320770343
readiness_baseline_mean_prior,fatigue_baseline_mean_prior,27323,0.5285532062563566,0.46265287320770343,0.46265287320770343
fatigue_baseline_mean_prior,readiness_zscore_prior,16858,-0.07296867562711667,-0.04302101310325865,0.04302101310325865
readiness_zscore_prior,fatigue_baseline_mean_prior,16858,-0.07296867562711667,-0.04302101310325865,0.04302101310325865
fatigue_baseline_mean_prior,wellness_report_present,27327,0.02323719156139189,-0.0015458118558762824,0.0015458118558762824
wellness_report_present,fatigue_baseline_mean_prior,27327,0.02323719156139189,-0.0015458118558762824,0.0015458118558762824
fatigue_baseline_mean_prior,session_recorded,27327,0.042202351204920635,0.02689060206429936,0.02689060206429936
session_recorded,fatigue_baseline_mean_prior,27327,0.042202351204920635,0.02689060206429936,0.02689060206429936
fatigue_baseline_mean_prior,daily_load_log1p,27327,0.03816606793537803,0.014080799806667942,0.014080799806667942
daily_load_log1p,fatigue_baseline_mean_prior,27327,0.03816606793537803,0.014080799806667942,0.014080799806667942
fatigue_baseline_mean_prior,session_duration_minutes_log1p,27327,0.046800367201917034,0.03716454723389391,0.03716454723389391
session_duration_minutes_log1p,fatigue_baseline_mean_prior,27327,0.046800367201917034,0.03716454723389391,0.03716454723389391
fatigue_baseline_mean_prior,session_srpe_log1p,27327,0.03901062601257301,0.016689909466740607,0.016689909466740607
session_srpe_log1p,fatigue_baseline_mean_prior,27327,0.03901062601257301,0.016689909466740607,0.016689909466740607
fatigue_baseline_mean_prior,daily_load_sum_3d_log1p,27327,0.05186448082721641,0.012313885973165198,0.012313885973165198
daily_load_sum_3d_log1p,fatigue_baseline_mean_prior,27327,0.05186448082721641,0.012313885973165198,0.012313885973165198
fatigue_baseline_mean_prior,daily_load_sum_7d_log1p,27327,0.05066527355906943,0.0048046173932302675,0.0048046173932302675
daily_load_sum_7d_log1p,fatigue_baseline_mean_prior,27327,0.05066527355906943,0.0048046173932302675,0.0048046173932302675
fatigue_baseline_mean_prior,daily_load_sum_14d_log1p,27327,0.046314155926786865,-0.001195093156523903,0.001195093156523903
daily_load_sum_14d_log1p,fatigue_baseline_mean_prior,27327,0.046314155926786865,-0.001195093156523903,0.001195093156523903
fatigue_baseline_mean_prior,daily_load_sum_28d_log1p,27327,0.04624271100425448,-0.006676264671838653,0.006676264671838653
daily_load_sum_28d_log1p,fatigue_baseline_mean_prior,27327,0.04624271100425448,-0.006676264671838653,0.006676264671838653
fatigue_baseline_mean_prior,session_duration_sum_3d_log1p,27327,0.06114978246946292,0.0522870245275599,0.0522870245275599
session_duration_sum_3d_log1p,fatigue_baseline_mean_prior,27327,0.06114978246946292,0.0522870245275599,0.0522870245275599
fatigue_baseline_mean_prior,session_duration_sum_7d_log1p,27327,0.06032355425630179,0.06081785964499966,0.06081785964499966
session_duration_sum_7d_log1p,fatigue_baseline_mean_prior,27327,0.06032355425630179,0.06081785964499966,0.06081785964499966
fatigue_baseline_mean_prior,session_duration_sum_14d_log1p,27327,0.056813361919746126,0.06211573818656156,0.06211573818656156
session_duration_sum_14d_log1p,fatigue_baseline_mean_prior,27327,0.056813361919746126,0.06211573818656156,0.06211573818656156
fatigue_baseline_mean_prior,session_duration_sum_28d_log1p,27327,0.05774445093182232,0.06386651601228274,0.06386651601228274
session_duration_sum_28d_log1p,fatigue_baseline_mean_prior,27327,0.05774445093182232,0.06386651601228274,0.06386651601228274
fatigue_baseline_mean_prior,session_srpe_sum_3d_log1p,27327,0.05285870484437211,0.01683761043890039,0.01683761043890039
session_srpe_sum_3d_log1p,fatigue_baseline_mean_prior,27327,0.05285870484437211,0.01683761043890039,0.01683761043890039
fatigue_baseline_mean_prior,session_srpe_sum_7d_log1p,27327,0.05169148185087942,0.011028608498988585,0.011028608498988585
session_srpe_sum_7d_log1p,fatigue_baseline_mean_prior,27327,0.05169148185087942,0.011028608498988585,0.011028608498988585
fatigue_baseline_mean_prior,session_srpe_sum_14d_log1p,27327,0.04734002762449008,0.004962938882697537,0.004962938882697537
session_srpe_sum_14d_log1p,fatigue_baseline_mean_prior,27327,0.04734002762449008,0.004962938882697537,0.004962938882697537
fatigue_baseline_mean_prior,session_srpe_sum_28d_log1p,27327,0.04732757058567674,-0.0006409108323452878,0.0006409108323452878
session_srpe_sum_28d_log1p,fatigue_baseline_mean_prior,27327,0.04732757058567674,-0.0006409108323452878,0.0006409108323452878
fatigue_zscore_prior,fatigue_zscore_prior,16806,1.0,1.0,1.0
fatigue_zscore_prior,readiness_baseline_mean_prior,16806,-0.02203685778356037,-0.01950705736159727,0.01950705736159727
readiness_baseline_mean_prior,fatigue_zscore_prior,16806,-0.02203685778356037,-0.01950705736159727,0.01950705736159727
fatigue_zscore_prior,readiness_zscore_prior,16782,0.40849117377596905,0.3835241930173351,0.3835241930173351
readiness_zscore_prior,fatigue_zscore_prior,16782,0.40849117377596905,0.3835241930173351,0.3835241930173351
fatigue_zscore_prior,wellness_report_present,16806,,,
wellness_report_present,fatigue_zscore_prior,16806,,,
fatigue_zscore_prior,session_recorded,16806,0.0904466811456778,0.07012263467094837,0.07012263467094837
session_recorded,fatigue_zscore_prior,16806,0.0904466811456778,0.07012263467094837,0.07012263467094837
fatigue_zscore_prior,daily_load_log1p,16806,0.09708616845388006,0.07536139386771887,0.07536139386771887
daily_load_log1p,fatigue_zscore_prior,16806,0.09708616845388006,0.07536139386771887,0.07536139386771887
fatigue_zscore_prior,session_duration_minutes_log1p,16806,0.09045758644680868,0.06016858586230955,0.06016858586230955
session_duration_minutes_log1p,fatigue_zscore_prior,16806,0.09045758644680868,0.06016858586230955,0.06016858586230955
fatigue_zscore_prior,session_srpe_log1p,16806,0.09761441019707008,0.07760926915903632,0.07760926915903632
session_srpe_log1p,fatigue_zscore_prior,16806,0.09761441019707008,0.07760926915903632,0.07760926915903632
fatigue_zscore_prior,daily_load_sum_3d_log1p,16806,-0.00882054039623668,-0.06934006293775592,0.06934006293775592
daily_load_sum_3d_log1p,fatigue_zscore_prior,16806,-0.00882054039623668,-0.06934006293775592,0.06934006293775592
fatigue_zscore_prior,daily_load_sum_7d_log1p,16806,-0.017054936932523038,-0.04533705751310838,0.04533705751310838
daily_load_sum_7d_log1p,fatigue_zscore_prior,16806,-0.017054936932523038,-0.04533705751310838,0.04533705751310838
fatigue_zscore_prior,daily_load_sum_14d_log1p,16806,-0.00809559605721167,-0.02967143357458215,0.02967143357458215
daily_load_sum_14d_log1p,fatigue_zscore_prior,16806,-0.00809559605721167,-0.02967143357458215,0.02967143357458215
fatigue_zscore_prior,daily_load_sum_28d_log1p,16806,-0.010836754384483631,-0.01458956433035708,0.01458956433035708
daily_load_sum_28d_log1p,fatigue_zscore_prior,16806,-0.010836754384483631,-0.01458956433035708,0.01458956433035708
fatigue_zscore_prior,session_duration_sum_3d_log1p,16806,0.0014907488835285935,-0.04252970591275299,0.04252970591275299
session_duration_sum_3d_log1p,fatigue_zscore_prior,16806,0.0014907488835285935,-0.04252970591275299,0.04252970591275299
fatigue_zscore_prior,session_duration_sum_7d_log1p,16806,-0.008427482633013616,-0.031671551947346055,0.031671551947346055
session_duration_sum_7d_log1p,fatigue_zscore_prior,16806,-0.008427482633013616,-0.031671551947346055,0.031671551947346055
fatigue_zscore_prior,session_duration_sum_14d_log1p,16806,-0.00008664928435725242,-0.024458880326889643,0.024458880326889643
session_duration_sum_14d_log1p,fatigue_zscore_prior,16806,-0.00008664928435725242,-0.024458880326889643,0.024458880326889643
fatigue_zscore_prior,session_duration_sum_28d_log1p,16806,-0.0019465497464083985,-0.01553438405261933,0.01553438405261933
session_duration_sum_28d_log1p,fatigue_zscore_prior,16806,-0.0019465497464083985,-0.01553438405261933,0.01553438405261933
fatigue_zscore_prior,session_srpe_sum_3d_log1p,16806,-0.007884145904967802,-0.06659368624983998,0.06659368624983998
session_srpe_sum_3d_log1p,fatigue_zscore_prior,16806,-0.007884145904967802,-0.06659368624983998,0.06659368624983998
fatigue_zscore_prior,session_srpe_sum_7d_log1p,16806,-0.01570350734777262,-0.041813556217809376,0.041813556217809376
session_srpe_sum_7d_log1p,fatigue_zscore_prior,16806,-0.01570350734777262,-0.041813556217809376,0.041813556217809376
fatigue_zscore_prior,session_srpe_sum_14d_log1p,16806,-0.006261259459830097,-0.027022601020065075,0.027022601020065075
session_srpe_sum_14d_log1p,fatigue_zscore_prior,16806,-0.006261259459830097,-0.027022601020065075,0.027022601020065075
fatigue_zscore_prior,session_srpe_sum_28d_log1p,16806,-0.009066467519811482,-0.012678456437857422,0.012678456437857422
session_srpe_sum_28d_log1p,fatigue_zscore_prior,16806,-0.009066467519811482,-0.012678456437857422,0.012678456437857422
readiness_baseline_mean_prior,readiness_baseline_mean_prior,27323,1.0,1.0,1.0
readiness_baseline_mean_prior,readiness_zscore_prior,16858,-0.10979615173964329,-0.09332574347661463,0.09332574347661463
readiness_zscore_prior,readiness_baseline_mean_prior,16858,-0.10979615173964329,-0.09332574347661463,0.09332574347661463
readiness_baseline_mean_prior,wellness_report_present,27323,-0.028473524189312593,-0.01317984041019664,0.01317984041019664
wellness_report_present,readiness_baseline_mean_prior,27323,-0.028473524189312593,-0.01317984041019664,0.01317984041019664
readiness_baseline_mean_prior,session_recorded,27323,-0.01979611545625741,-0.0042735920781851655,0.0042735920781851655
session_recorded,readiness_baseline_mean_prior,27323,-0.01979611545625741,-0.0042735920781851655,0.0042735920781851655
readiness_baseline_mean_prior,daily_load_log1p,27323,-0.01829985571395809,0.0007249926570193922,0.0007249926570193922
daily_load_log1p,readiness_baseline_mean_prior,27323,-0.01829985571395809,0.0007249926570193922,0.0007249926570193922
readiness_baseline_mean_prior,session_duration_minutes_log1p,27323,-0.013846128844820907,0.012250014198430118,0.012250014198430118
session_duration_minutes_log1p,readiness_baseline_mean_prior,27323,-0.013846128844820907,0.012250014198430118,0.012250014198430118
readiness_baseline_mean_prior,session_srpe_log1p,27323,-0.017036260983957874,0.004441357070268087,0.004441357070268087
session_srpe_log1p,readiness_baseline_mean_prior,27323,-0.017036260983957874,0.004441357070268087,0.004441357070268087
readiness_baseline_mean_prior,daily_load_sum_3d_log1p,27323,-0.018448127840424332,0.009835013713893934,0.009835013713893934
daily_load_sum_3d_log1p,readiness_baseline_mean_prior,27323,-0.018448127840424332,0.009835013713893934,0.009835013713893934
readiness_baseline_mean_prior,daily_load_sum_7d_log1p,27323,-0.031534176976043916,0.0037503143800584103,0.0037503143800584103
daily_load_sum_7d_log1p,readiness_baseline_mean_prior,27323,-0.031534176976043916,0.0037503143800584103,0.0037503143800584103
readiness_baseline_mean_prior,daily_load_sum_14d_log1p,27323,-0.0439502851819257,0.0017681892348982002,0.0017681892348982002
daily_load_sum_14d_log1p,readiness_baseline_mean_prior,27323,-0.0439502851819257,0.0017681892348982002,0.0017681892348982002
readiness_baseline_mean_prior,daily_load_sum_28d_log1p,27323,-0.05502273997706174,-0.0011355558544528294,0.0011355558544528294
daily_load_sum_28d_log1p,readiness_baseline_mean_prior,27323,-0.05502273997706174,-0.0011355558544528294,0.0011355558544528294
readiness_baseline_mean_prior,session_duration_sum_3d_log1p,27323,-0.014792740268124525,0.022031015343722444,0.022031015343722444
session_duration_sum_3d_log1p,readiness_baseline_mean_prior,27323,-0.014792740268124525,0.022031015343722444,0.022031015343722444
readiness_baseline_mean_prior,session_duration_sum_7d_log1p,27323,-0.027636776508772415,0.021344106212566834,0.021344106212566834
session_duration_sum_7d_log1p,readiness_baseline_mean_prior,27323,-0.027636776508772415,0.021344106212566834,0.021344106212566834
readiness_baseline_mean_prior,session_duration_sum_14d_log1p,27323,-0.0395369132549272,0.02067325612715756,0.02067325612715756
session_duration_sum_14d_log1p,readiness_baseline_mean_prior,27323,-0.0395369132549272,0.02067325612715756,0.02067325612715756
readiness_baseline_mean_prior,session_duration_sum_28d_log1p,27323,-0.05027319466466146,0.01951116615522417,0.01951116615522417
session_duration_sum_28d_log1p,readiness_baseline_mean_prior,27323,-0.05027319466466146,0.01951116615522417,0.01951116615522417
readiness_baseline_mean_prior,session_srpe_sum_3d_log1p,27323,-0.016950238348042122,0.016518747024913422,0.016518747024913422
session_srpe_sum_3d_log1p,readiness_baseline_mean_prior,27323,-0.016950238348042122,0.016518747024913422,0.016518747024913422
readiness_baseline_mean_prior,session_srpe_sum_7d_log1p,27323,-0.02994473227929384,0.013433635957914612,0.013433635957914612
session_srpe_sum_7d_log1p,readiness_baseline_mean_prior,27323,-0.02994473227929384,0.013433635957914612,0.013433635957914612
readiness_baseline_mean_prior,session_srpe_sum_14d_log1p,27323,-0.04235666324713116,0.011779952772263626,0.011779952772263626
session_srpe_sum_14d_log1p,readiness_baseline_mean_prior,27323,-0.04235666324713116,0.011779952772263626,0.011779952772263626
readiness_baseline_mean_prior,session_srpe_sum_28d_log1p,27323,-0.053329950010068024,0.009098022142322762,0.009098022142322762
session_srpe_sum_28d_log1p,readiness_baseline_mean_prior,27323,-0.053329950010068024,0.009098022142322762,0.009098022142322762
readiness_zscore_prior,readiness_zscore_prior,16858,1.0,1.0,1.0
readiness_zscore_prior,wellness_report_present,16858,,,
wellness_report_present,readiness_zscore_prior,16858,,,
readiness_zscore_prior,session_recorded,16858,0.19116643971038313,0.1674357712441887,0.1674357712441887
session_recorded,readiness_zscore_prior,16858,0.19116643971038313,0.1674357712441887,0.1674357712441887
readiness_zscore_prior,daily_load_log1p,16858,0.20837753558027727,0.19275062372962465,0.19275062372962465
daily_load_log1p,readiness_zscore_prior,16858,0.20837753558027727,0.19275062372962465,0.19275062372962465
readiness_zscore_prior,session_duration_minutes_log1p,16858,0.19476454607852736,0.169066397645093,0.169066397645093
session_duration_minutes_log1p,readiness_zscore_prior,16858,0.19476454607852736,0.169066397645093,0.169066397645093
readiness_zscore_prior,session_srpe_log1p,16858,0.20852552557768433,0.1945950229996168,0.1945950229996168
session_srpe_log1p,readiness_zscore_prior,16858,0.20852552557768433,0.1945950229996168,0.1945950229996168
readiness_zscore_prior,daily_load_sum_3d_log1p,16858,0.11198858709830457,0.0034033203512892182,0.0034033203512892182
daily_load_sum_3d_log1p,readiness_zscore_prior,16858,0.11198858709830457,0.0034033203512892182,0.0034033203512892182
readiness_zscore_prior,daily_load_sum_7d_log1p,16858,0.10215562047285634,0.03545968647068947,0.03545968647068947
daily_load_sum_7d_log1p,readiness_zscore_prior,16858,0.10215562047285634,0.03545968647068947,0.03545968647068947
readiness_zscore_prior,daily_load_sum_14d_log1p,16858,0.07500753590286277,0.04813392020519986,0.04813392020519986
daily_load_sum_14d_log1p,readiness_zscore_prior,16858,0.07500753590286277,0.04813392020519986,0.04813392020519986
readiness_zscore_prior,daily_load_sum_28d_log1p,16858,0.05307190390955079,0.05164510156239371,0.05164510156239371
daily_load_sum_28d_log1p,readiness_zscore_prior,16858,0.05307190390955079,0.05164510156239371,0.05164510156239371
readiness_zscore_prior,session_duration_sum_3d_log1p,16858,0.12133638980752441,0.04176131031992734,0.04176131031992734
session_duration_sum_3d_log1p,readiness_zscore_prior,16858,0.12133638980752441,0.04176131031992734,0.04176131031992734
readiness_zscore_prior,session_duration_sum_7d_log1p,16858,0.10904684791695458,0.06095125653710163,0.06095125653710163
session_duration_sum_7d_log1p,readiness_zscore_prior,16858,0.10904684791695458,0.06095125653710163,0.06095125653710163
readiness_zscore_prior,session_duration_sum_14d_log1p,16858,0.08218522128240281,0.07029410254997143,0.07029410254997143
session_duration_sum_14d_log1p,readiness_zscore_prior,16858,0.08218522128240281,0.07029410254997143,0.07029410254997143
readiness_zscore_prior,session_duration_sum_28d_log1p,16858,0.062075734622440835,0.07400118744755708,0.07400118744755708
session_duration_sum_28d_log1p,readiness_zscore_prior,16858,0.062075734622440835,0.07400118744755708,0.07400118744755708
readiness_zscore_prior,session_srpe_sum_3d_log1p,16858,0.11228445901725816,0.005336952496038004,0.005336952496038004
session_srpe_sum_3d_log1p,readiness_zscore_prior,16858,0.11228445901725816,0.005336952496038004,0.005336952496038004
readiness_zscore_prior,session_srpe_sum_7d_log1p,16858,0.10225531030158753,0.0370600260680428,0.0370600260680428
session_srpe_sum_7d_log1p,readiness_zscore_prior,16858,0.10225531030158753,0.0370600260680428,0.0370600260680428
readiness_zscore_prior,session_srpe_sum_14d_log1p,16858,0.075245610160025,0.04997504647536587,0.04997504647536587
session_srpe_sum_14d_log1p,readiness_zscore_prior,16858,0.075245610160025,0.04997504647536587,0.04997504647536587
readiness_zscore_prior,session_srpe_sum_28d_log1p,16858,0.053539283686033265,0.053580000427103924,0.053580000427103924
session_srpe_sum_28d_log1p,readiness_zscore_prior,16858,0.053539283686033265,0.053580000427103924,0.053580000427103924
wellness_report_present,wellness_report_present,36550,1.0,1.0,1.0
wellness_report_present,session_recorded,36550,0.6600109975319537,0.660010997531953,0.660010997531953
session_recorded,wellness_report_present,36550,0.6600109975319537,0.660010997531953,0.660010997531953
wellness_report_present,daily_load_log1p,36550,0.6542312987421091,0.6352197186924297,0.6352197186924297
daily_load_log1p,wellness_report_present,36550,0.6542312987421091,0.6352197186924297,0.6352197186924297
wellness_report_present,session_duration_minutes_log1p,36550,0.6560160443040577,0.6370648575776495,0.6370648575776495
session_duration_minutes_log1p,wellness_report_present,36550,0.6560160443040577,0.6370648575776495,0.6370648575776495
wellness_report_present,session_srpe_log1p,36550,0.6540872833957421,0.634782640289728,0.634782640289728
session_srpe_log1p,wellness_report_present,36550,0.6540872833957421,0.634782640289728,0.634782640289728
wellness_report_present,daily_load_sum_3d_log1p,36550,0.7784847630452761,0.7389406288092558,0.7389406288092558
daily_load_sum_3d_log1p,wellness_report_present,36550,0.7784847630452761,0.7389406288092558,0.7389406288092558
wellness_report_present,daily_load_sum_7d_log1p,36550,0.7750145354750484,0.7485035285252273,0.7485035285252273
daily_load_sum_7d_log1p,wellness_report_present,36550,0.7750145354750484,0.7485035285252273,0.7485035285252273
wellness_report_present,daily_load_sum_14d_log1p,36550,0.7507995322261023,0.7403203289617939,0.7403203289617939
daily_load_sum_14d_log1p,wellness_report_present,36550,0.7507995322261023,0.7403203289617939,0.7403203289617939
wellness_report_present,daily_load_sum_28d_log1p,36550,0.7143079432667883,0.7229116264204982,0.7229116264204982
daily_load_sum_28d_log1p,wellness_report_present,36550,0.7143079432667883,0.7229116264204982,0.7229116264204982
wellness_report_present,session_duration_sum_3d_log1p,36550,0.7802103602741892,0.7439388745082377,0.7439388745082377
session_duration_sum_3d_log1p,wellness_report_present,36550,0.7802103602741892,0.7439388745082377,0.7439388745082377
wellness_report_present,session_duration_sum_7d_log1p,36550,0.7791276324354988,0.7535350195801129,0.7535350195801129
session_duration_sum_7d_log1p,wellness_report_present,36550,0.7791276324354988,0.7535350195801129,0.7535350195801129
wellness_report_present,session_duration_sum_14d_log1p,36550,0.7567994852823882,0.7452455705324573,0.7452455705324573
session_duration_sum_14d_log1p,wellness_report_present,36550,0.7567994852823882,0.7452455705324573,0.7452455705324573
wellness_report_present,session_duration_sum_28d_log1p,36550,0.7217930291127378,0.7266469784097364,0.7266469784097364
session_duration_sum_28d_log1p,wellness_report_present,36550,0.7217930291127378,0.7266469784097364,0.7266469784097364
wellness_report_present,session_srpe_sum_3d_log1p,36550,0.7782849685501181,0.7381181479613302,0.7381181479613302
session_srpe_sum_3d_log1p,wellness_report_present,36550,0.7782849685501181,0.7381181479613302,0.7381181479613302
wellness_report_present,session_srpe_sum_7d_log1p,36550,0.7747456355644289,0.7473248740087857,0.7473248740087857
session_srpe_sum_7d_log1p,wellness_report_present,36550,0.7747456355644289,0.7473248740087857,0.7473248740087857
wellness_report_present,session_srpe_sum_14d_log1p,36550,0.7505121702087043,0.7391203581715156,0.7391203581715156
session_srpe_sum_14d_log1p,wellness_report_present,36550,0.7505121702087043,0.7391203581715156,0.7391203581715156
wellness_report_present,session_srpe_sum_28d_log1p,36550,0.7140331399389127,0.7219817797247977,0.7219817797247977
session_srpe_sum_28d_log1p,wellness_report_present,36550,0.7140331399389127,0.7219817797247977,0.7219817797247977
session_recorded,session_recorded,36550,1.0,1.0,1.0
session_recorded,daily_load_log1p,36550,0.9905407529923096,0.9610106462954905,0.9610106462954905
daily_load_log1p,session_recorded,36550,0.9905407529923096,0.9610106462954905,0.9610106462954905
session_recorded,session_duration_minutes_log1p,36550,0.992908607685305,0.961993122271381,0.961993122271381
session_duration_minutes_log1p,session_recorded,36550,0.992908607685305,0.961993122271381,0.961993122271381
session_recorded,session_srpe_log1p,36550,0.9905969963054561,0.9610115825532782,0.9610115825532782
session_srpe_log1p,session_recorded,36550,0.9905969963054561,0.9610115825532782,0.9610115825532782
session_recorded,daily_load_sum_3d_log1p,36550,0.7688686477868405,0.7720500774771799,0.7720500774771799
daily_load_sum_3d_log1p,session_recorded,36550,0.7688686477868405,0.7720500774771799,0.7720500774771799
session_recorded,daily_load_sum_7d_log1p,36550,0.7081755493521728,0.7258423000477364,0.7258423000477364
daily_load_sum_7d_log1p,session_recorded,36550,0.7081755493521728,0.7258423000477364,0.7258423000477364
session_recorded,daily_load_sum_14d_log1p,36550,0.6675047169598798,0.6963016144685037,0.6963016144685037
daily_load_sum_14d_log1p,session_recorded,36550,0.6675047169598798,0.6963016144685037,0.6963016144685037
session_recorded,daily_load_sum_28d_log1p,36550,0.6263024100222614,0.6667172454537132,0.6667172454537132
daily_load_sum_28d_log1p,session_recorded,36550,0.6263024100222614,0.6667172454537132,0.6667172454537132
session_recorded,session_duration_sum_3d_log1p,36550,0.779020562740713,0.7959573937618206,0.7959573937618206
session_duration_sum_3d_log1p,session_recorded,36550,0.779020562740713,0.7959573937618206,0.7959573937618206
session_recorded,session_duration_sum_7d_log1p,36550,0.7172540721436544,0.7433918121600166,0.7433918121600166
session_duration_sum_7d_log1p,session_recorded,36550,0.7172540721436544,0.7433918121600166,0.7433918121600166
session_recorded,session_duration_sum_14d_log1p,36550,0.6770810206892084,0.7111347277766958,0.7111347277766958
session_duration_sum_14d_log1p,session_recorded,36550,0.6770810206892084,0.7111347277766958,0.7111347277766958
session_recorded,session_duration_sum_28d_log1p,36550,0.6363820698244752,0.6794842915229693,0.6794842915229693
session_duration_sum_28d_log1p,session_recorded,36550,0.6363820698244752,0.6794842915229693,0.6794842915229693
session_recorded,session_srpe_sum_3d_log1p,36550,0.7687727343341655,0.7720126137053266,0.7720126137053266
session_srpe_sum_3d_log1p,session_recorded,36550,0.7687727343341655,0.7720126137053266,0.7720126137053266
session_recorded,session_srpe_sum_7d_log1p,36550,0.7081122243754091,0.7261592847708094,0.7261592847708094
session_srpe_sum_7d_log1p,session_recorded,36550,0.7081122243754091,0.7261592847708094,0.7261592847708094
session_recorded,session_srpe_sum_14d_log1p,36550,0.6674251020456131,0.6967263769365004,0.6967263769365004
session_srpe_sum_14d_log1p,session_recorded,36550,0.6674251020456131,0.6967263769365004,0.6967263769365004
session_recorded,session_srpe_sum_28d_log1p,36550,0.6262268613900025,0.6672726368671019,0.6672726368671019
session_srpe_sum_28d_log1p,session_recorded,36550,0.6262268613900025,0.6672726368671019,0.6672726368671019
daily_load_log1p,daily_load_log1p,36550,1.0,1.0,1.0
daily_load_log1p,session_duration_minutes_log1p,36550,0.9968059664800251,0.9869385719660752,0.9869385719660752
session_duration_minutes_log1p,daily_load_log1p,36550,0.9968059664800251,0.9869385719660752,0.9869385719660752
daily_load_log1p,session_srpe_log1p,36550,0.9998588679409149,0.9991975283233818,0.9991975283233818
session_srpe_log1p,daily_load_log1p,36550,0.9998588679409149,0.9991975283233818,0.9991975283233818
daily_load_log1p,daily_load_sum_3d_log1p,36550,0.7677265256682622,0.7867838348337707,0.7867838348337707
daily_load_sum_3d_log1p,daily_load_log1p,36550,0.7677265256682622,0.7867838348337707,0.7867838348337707
daily_load_log1p,daily_load_sum_7d_log1p,36550,0.7045448944534694,0.7303870429504513,0.7303870429504513
daily_load_sum_7d_log1p,daily_load_log1p,36550,0.7045448944534694,0.7303870429504513,0.7303870429504513
daily_load_log1p,daily_load_sum_14d_log1p,36550,0.6631711025831852,0.6940573864735896,0.6940573864735896
daily_load_sum_14d_log1p,daily_load_log1p,36550,0.6631711025831852,0.6940573864735896,0.6940573864735896
daily_load_log1p,daily_load_sum_28d_log1p,36550,0.6216881480197513,0.6597543355570147,0.6597543355570147
daily_load_sum_28d_log1p,daily_load_log1p,36550,0.6216881480197513,0.6597543355570147,0.6597543355570147
daily_load_log1p,session_duration_sum_3d_log1p,36550,0.7760216745954429,0.793738346085941,0.793738346085941
session_duration_sum_3d_log1p,daily_load_log1p,36550,0.7760216745954429,0.793738346085941,0.793738346085941
daily_load_log1p,session_duration_sum_7d_log1p,36550,0.7124024072940738,0.7328278177667831,0.7328278177667831
session_duration_sum_7d_log1p,daily_load_log1p,36550,0.7124024072940738,0.7328278177667831,0.7328278177667831
daily_load_log1p,session_duration_sum_14d_log1p,36550,0.6717629274298889,0.6959784953005573,0.6959784953005573
session_duration_sum_14d_log1p,daily_load_log1p,36550,0.6717629274298889,0.6959784953005573,0.6959784953005573
daily_load_log1p,session_duration_sum_28d_log1p,36550,0.6309339120584844,0.6615717698571542,0.6615717698571542
session_duration_sum_28d_log1p,daily_load_log1p,36550,0.6309339120584844,0.6615717698571542,0.6615717698571542
daily_load_log1p,session_srpe_sum_3d_log1p,36550,0.7675322263532232,0.7863415090878613,0.7863415090878613
session_srpe_sum_3d_log1p,daily_load_log1p,36550,0.7675322263532232,0.7863415090878613,0.7863415090878613
daily_load_log1p,session_srpe_sum_7d_log1p,36550,0.704415080842121,0.730286413440559,0.730286413440559
session_srpe_sum_7d_log1p,daily_load_log1p,36550,0.704415080842121,0.730286413440559,0.730286413440559
daily_load_log1p,session_srpe_sum_14d_log1p,36550,0.6630350988728817,0.6940840404541635,0.6940840404541635
session_srpe_sum_14d_log1p,daily_load_log1p,36550,0.6630350988728817,0.6940840404541635,0.6940840404541635
daily_load_log1p,session_srpe_sum_28d_log1p,36550,0.6215635514586836,0.6599635261329918,0.6599635261329918
session_srpe_sum_28d_log1p,daily_load_log1p,36550,0.6215635514586836,0.6599635261329918,0.6599635261329918
session_duration_minutes_log1p,session_duration_minutes_log1p,36550,1.0,1.0,1.0
session_duration_minutes_log1p,session_srpe_log1p,36550,0.9969999457001837,0.9879933785285309,0.9879933785285309
session_srpe_log1p,session_duration_minutes_log1p,36550,0.9969999457001837,0.9879933785285309,0.9879933785285309
session_duration_minutes_log1p,daily_load_sum_3d_log1p,36550,0.768316437999347,0.782732226695208,0.782732226695208
daily_load_sum_3d_log1p,session_duration_minutes_log1p,36550,0.768316437999347,0.782732226695208,0.782732226695208
session_duration_minutes_log1p,daily_load_sum_7d_log1p,36550,0.7056047498875914,0.7278194051109371,0.7278194051109371
daily_load_sum_7d_log1p,session_duration_minutes_log1p,36550,0.7056047498875914,0.7278194051109371,0.7278194051109371
session_duration_minutes_log1p,daily_load_sum_14d_log1p,36550,0.6644058771975261,0.6930861348794357,0.6930861348794357
daily_load_sum_14d_log1p,session_duration_minutes_log1p,36550,0.6644058771975261,0.6930861348794357,0.6930861348794357
session_duration_minutes_log1p,daily_load_sum_28d_log1p,36550,0.6229504894489065,0.6591994083968208,0.6591994083968208
daily_load_sum_28d_log1p,session_duration_minutes_log1p,36550,0.6229504894489065,0.6591994083968208,0.6591994083968208
session_duration_minutes_log1p,session_duration_sum_3d_log1p,36550,0.7788895676349867,0.8041112048094878,0.8041112048094878
session_duration_sum_3d_log1p,session_duration_minutes_log1p,36550,0.7788895676349867,0.8041112048094878,0.8041112048094878
session_duration_minutes_log1p,session_duration_sum_7d_log1p,36550,0.7148522592043622,0.7431334745467548,0.7431334745467548
session_duration_sum_7d_log1p,session_duration_minutes_log1p,36550,0.7148522592043622,0.7431334745467548,0.7431334745467548
session_duration_minutes_log1p,session_duration_sum_14d_log1p,36550,0.6740493760472932,0.705823971940978,0.705823971940978
session_duration_sum_14d_log1p,session_duration_minutes_log1p,36550,0.6740493760472932,0.705823971940978,0.705823971940978
session_duration_minutes_log1p,session_duration_sum_28d_log1p,36550,0.6330510778077592,0.670577926583973,0.670577926583973
session_duration_sum_28d_log1p,session_duration_minutes_log1p,36550,0.6330510778077592,0.670577926583973,0.670577926583973
session_duration_minutes_log1p,session_srpe_sum_3d_log1p,36550,0.7682772536674025,0.7834921573555427,0.7834921573555427
session_srpe_sum_3d_log1p,session_duration_minutes_log1p,36550,0.7682772536674025,0.7834921573555427,0.7834921573555427
session_duration_minutes_log1p,session_srpe_sum_7d_log1p,36550,0.7055769964341132,0.7289292811908488,0.7289292811908488
session_srpe_sum_7d_log1p,session_duration_minutes_log1p,36550,0.7055769964341132,0.7289292811908488,0.7289292811908488
session_duration_minutes_log1p,session_srpe_sum_14d_log1p,36550,0.6643475959591342,0.6941265352928871,0.6941265352928871
session_srpe_sum_14d_log1p,session_duration_minutes_log1p,36550,0.6643475959591342,0.6941265352928871,0.6941265352928871
session_duration_minutes_log1p,session_srpe_sum_28d_log1p,36550,0.6228902172633549,0.6602266180197214,0.6602266180197214
session_srpe_sum_28d_log1p,session_duration_minutes_log1p,36550,0.6228902172633549,0.6602266180197214,0.6602266180197214
session_srpe_log1p,session_srpe_log1p,36550,1.0,1.0,1.0
session_srpe_log1p,daily_load_sum_3d_log1p,36550,0.7676377120759763,0.7857486144283341,0.7857486144283341
daily_load_sum_3d_log1p,session_srpe_log1p,36550,0.7676377120759763,0.7857486144283341,0.7857486144283341
session_srpe_log1p,daily_load_sum_7d_log1p,36550,0.7045021753154851,0.729396904446392,0.729396904446392
daily_load_sum_7d_log1p,session_srpe_log1p,36550,0.7045021753154851,0.729396904446392,0.729396904446392
session_srpe_log1p,daily_load_sum_14d_log1p,36550,0.6631285477638742,0.6929567844777138,0.6929567844777138
daily_load_sum_14d_log1p,session_srpe_log1p,36550,0.6631285477638742,0.6929567844777138,0.6929567844777138
session_srpe_log1p,daily_load_sum_28d_log1p,36550,0.621644481777635,0.6585909592381927,0.6585909592381927
daily_load_sum_28d_log1p,session_srpe_log1p,36550,0.621644481777635,0.6585909592381927,0.6585909592381927
session_srpe_log1p,session_duration_sum_3d_log1p,36550,0.776072114402759,0.7938207652534602,0.7938207652534602
session_duration_sum_3d_log1p,session_srpe_log1p,36550,0.776072114402759,0.7938207652534602,0.7938207652534602
session_srpe_log1p,session_duration_sum_7d_log1p,36550,0.7124418919753042,0.7329819549143188,0.7329819549143188
session_duration_sum_7d_log1p,session_srpe_log1p,36550,0.7124418919753042,0.7329819549143188,0.7329819549143188
session_srpe_log1p,session_duration_sum_14d_log1p,36550,0.6717801273963127,0.695891431200098,0.695891431200098
session_duration_sum_14d_log1p,session_srpe_log1p,36550,0.6717801273963127,0.695891431200098,0.695891431200098
session_srpe_log1p,session_duration_sum_28d_log1p,36550,0.6309355822783164,0.6613205436617969,0.6613205436617969
session_duration_sum_28d_log1p,session_srpe_log1p,36550,0.6309355822783164,0.6613205436617969,0.6613205436617969
session_srpe_log1p,session_srpe_sum_3d_log1p,36550,0.7675550000298418,0.7862088313801006,0.7862088313801006
session_srpe_sum_3d_log1p,session_srpe_log1p,36550,0.7675550000298418,0.7862088313801006,0.7862088313801006
session_srpe_log1p,session_srpe_sum_7d_log1p,36550,0.7044330180021973,0.7301140681318359,0.7301140681318359
session_srpe_sum_7d_log1p,session_srpe_log1p,36550,0.7044330180021973,0.7301140681318359,0.7301140681318359
session_srpe_log1p,session_srpe_sum_14d_log1p,36550,0.6630347075364333,0.6936171696326819,0.6936171696326819
session_srpe_sum_14d_log1p,session_srpe_log1p,36550,0.6630347075364333,0.6936171696326819,0.6936171696326819
session_srpe_log1p,session_srpe_sum_28d_log1p,36550,0.6215524991852599,0.6592852763603525,0.6592852763603525
session_srpe_sum_28d_log1p,session_srpe_log1p,36550,0.6215524991852599,0.6592852763603525,0.6592852763603525
daily_load_sum_3d_log1p,daily_load_sum_3d_log1p,36550,1.0,1.0,1.0
daily_load_sum_3d_log1p,daily_load_sum_7d_log1p,36550,0.9294057399197191,0.9218450350204798,0.9218450350204798
daily_load_sum_7d_log1p,daily_load_sum_3d_log1p,36550,0.9294057399197191,0.9218450350204798,0.9218450350204798
daily_load_sum_3d_log1p,daily_load_sum_14d_log1p,36550,0.8774316252213483,0.8754507264411225,0.8754507264411225
daily_load_sum_14d_log1p,daily_load_sum_3d_log1p,36550,0.8774316252213483,0.8754507264411225,0.8754507264411225
daily_load_sum_3d_log1p,daily_load_sum_28d_log1p,36550,0.8237110289970243,0.8312967029854664,0.8312967029854664
daily_load_sum_28d_log1p,daily_load_sum_3d_log1p,36550,0.8237110289970243,0.8312967029854664,0.8312967029854664
daily_load_sum_3d_log1p,session_duration_sum_3d_log1p,36550,0.998109407470879,0.9826815076147597,0.9826815076147597
session_duration_sum_3d_log1p,daily_load_sum_3d_log1p,36550,0.998109407470879,0.9826815076147597,0.9826815076147597
daily_load_sum_3d_log1p,session_duration_sum_7d_log1p,36550,0.9335158488282553,0.9095628006348724,0.9095628006348724
session_duration_sum_7d_log1p,daily_load_sum_3d_log1p,36550,0.9335158488282553,0.9095628006348724,0.9095628006348724
daily_load_sum_3d_log1p,session_duration_sum_14d_log1p,36550,0.8843081524228815,0.8658409220213128,0.8658409220213128
session_duration_sum_14d_log1p,daily_load_sum_3d_log1p,36550,0.8843081524228815,0.8658409220213128,0.8658409220213128
daily_load_sum_3d_log1p,session_duration_sum_28d_log1p,36550,0.8324616983584693,0.823648120529982,0.823648120529982
session_duration_sum_28d_log1p,daily_load_sum_3d_log1p,36550,0.8324616983584693,0.823648120529982,0.823648120529982
daily_load_sum_3d_log1p,session_srpe_sum_3d_log1p,36550,0.9999332051597197,0.9989908417796168,0.9989908417796168
session_srpe_sum_3d_log1p,daily_load_sum_3d_log1p,36550,0.9999332051597197,0.9989908417796168,0.9989908417796168
daily_load_sum_3d_log1p,session_srpe_sum_7d_log1p,36550,0.9293560945518848,0.9212988909245087,0.9212988909245087
session_srpe_sum_7d_log1p,daily_load_sum_3d_log1p,36550,0.9293560945518848,0.9212988909245087,0.9212988909245087
daily_load_sum_3d_log1p,session_srpe_sum_14d_log1p,36550,0.8773531250604409,0.8750919329475334,0.8750919329475334
session_srpe_sum_14d_log1p,daily_load_sum_3d_log1p,36550,0.8773531250604409,0.8750919329475334,0.8750919329475334
daily_load_sum_3d_log1p,session_srpe_sum_28d_log1p,36550,0.8236521153453689,0.8312745302215229,0.8312745302215229
session_srpe_sum_28d_log1p,daily_load_sum_3d_log1p,36550,0.8236521153453689,0.8312745302215229,0.8312745302215229
daily_load_sum_7d_log1p,daily_load_sum_7d_log1p,36550,1.0,1.0,1.0
daily_load_sum_7d_log1p,daily_load_sum_14d_log1p,36550,0.9511743507475067,0.9551151247907891,0.9551151247907891
daily_load_sum_14d_log1p,daily_load_sum_7d_log1p,36550,0.9511743507475067,0.9551151247907891,0.9551151247907891
daily_load_sum_7d_log1p,daily_load_sum_28d_log1p,36550,0.8949331894824734,0.9052300056160603,0.9052300056160603
daily_load_sum_28d_log1p,daily_load_sum_7d_log1p,36550,0.8949331894824734,0.9052300056160603,0.9052300056160603
daily_load_sum_7d_log1p,session_duration_sum_3d_log1p,36550,0.9278966521675147,0.9098371876620818,0.9098371876620818
session_duration_sum_3d_log1p,daily_load_sum_7d_log1p,36550,0.9278966521675147,0.9098371876620818,0.9098371876620818
daily_load_sum_7d_log1p,session_duration_sum_7d_log1p,36550,0.9987385811731672,0.9805442549113764,0.9805442549113764
session_duration_sum_7d_log1p,daily_load_sum_7d_log1p,36550,0.9987385811731672,0.9805442549113764,0.9805442549113764
daily_load_sum_7d_log1p,session_duration_sum_14d_log1p,36550,0.9552143574416404,0.938323571626536,0.938323571626536
session_duration_sum_14d_log1p,daily_load_sum_7d_log1p,36550,0.9552143574416404,0.938323571626536,0.938323571626536
daily_load_sum_7d_log1p,session_duration_sum_28d_log1p,36550,0.9019994408496905,0.8914798084768567,0.8914798084768567
session_duration_sum_28d_log1p,daily_load_sum_7d_log1p,36550,0.9019994408496905,0.8914798084768567,0.8914798084768567
daily_load_sum_7d_log1p,session_srpe_sum_3d_log1p,36550,0.9293826096753888,0.9205536484155136,0.9205536484155136
session_srpe_sum_3d_log1p,daily_load_sum_7d_log1p,36550,0.9293826096753888,0.9205536484155136,0.9205536484155136
daily_load_sum_7d_log1p,session_srpe_sum_7d_log1p,36550,0.9999603732210646,0.9987490484183964,0.9987490484183964
session_srpe_sum_7d_log1p,daily_load_sum_7d_log1p,36550,0.9999603732210646,0.9987490484183964,0.9987490484183964
daily_load_sum_7d_log1p,session_srpe_sum_14d_log1p,36550,0.9511145381763622,0.9541699301235143,0.9541699301235143
session_srpe_sum_14d_log1p,daily_load_sum_7d_log1p,36550,0.9511145381763622,0.9541699301235143,0.9541699301235143
daily_load_sum_7d_log1p,session_srpe_sum_28d_log1p,36550,0.8949049472781606,0.9048114671076785,0.9048114671076785
session_srpe_sum_28d_log1p,daily_load_sum_7d_log1p,36550,0.8949049472781606,0.9048114671076785,0.9048114671076785
daily_load_sum_14d_log1p,daily_load_sum_14d_log1p,36550,1.0,1.0,1.0
daily_load_sum_14d_log1p,daily_load_sum_28d_log1p,36550,0.9481658961579483,0.9575650438655646,0.9575650438655646
daily_load_sum_28d_log1p,daily_load_sum_14d_log1p,36550,0.9481658961579483,0.9575650438655646,0.9575650438655646
daily_load_sum_14d_log1p,session_duration_sum_3d_log1p,36550,0.8761623554765731,0.8675195400089984,0.8675195400089984
session_duration_sum_3d_log1p,daily_load_sum_14d_log1p,36550,0.8761623554765731,0.8675195400089984,0.8675195400089984
daily_load_sum_14d_log1p,session_duration_sum_7d_log1p,36550,0.9499169871423445,0.9414826499252096,0.9414826499252096
session_duration_sum_7d_log1p,daily_load_sum_14d_log1p,36550,0.9499169871423445,0.9414826499252096,0.9414826499252096
daily_load_sum_14d_log1p,session_duration_sum_14d_log1p,36550,0.9988337994620666,0.9811308770046395,0.9811308770046395
session_duration_sum_14d_log1p,daily_load_sum_14d_log1p,36550,0.9988337994620666,0.9811308770046395,0.9811308770046395
daily_load_sum_14d_log1p,session_duration_sum_28d_log1p,36550,0.9525518353309261,0.9409211445632903,0.9409211445632903
session_duration_sum_28d_log1p,daily_load_sum_14d_log1p,36550,0.9525518353309261,0.9409211445632903,0.9409211445632903
daily_load_sum_14d_log1p,session_srpe_sum_3d_log1p,36550,0.8774091843521592,0.8739163983667698,0.8739163983667698
session_srpe_sum_3d_log1p,daily_load_sum_14d_log1p,36550,0.8774091843521592,0.8739163983667698,0.8739163983667698
daily_load_sum_14d_log1p,session_srpe_sum_7d_log1p,36550,0.9511378397454261,0.9533124064165476,0.9533124064165476
session_srpe_sum_7d_log1p,daily_load_sum_14d_log1p,36550,0.9511378397454261,0.9533124064165476,0.9533124064165476
daily_load_sum_14d_log1p,session_srpe_sum_14d_log1p,36550,0.9999738861701137,0.9989454281669905,0.9989454281669905
session_srpe_sum_14d_log1p,daily_load_sum_14d_log1p,36550,0.9999738861701137,0.9989454281669905,0.9989454281669905
daily_load_sum_14d_log1p,session_srpe_sum_28d_log1p,36550,0.948144942705023,0.9568963708253674,0.9568963708253674
session_srpe_sum_28d_log1p,daily_load_sum_14d_log1p,36550,0.948144942705023,0.9568963708253674,0.9568963708253674
daily_load_sum_28d_log1p,daily_load_sum_28d_log1p,36550,1.0,1.0,1.0
daily_load_sum_28d_log1p,session_duration_sum_3d_log1p,36550,0.822584033990344,0.825653853675665,0.825653853675665
session_duration_sum_3d_log1p,daily_load_sum_28d_log1p,36550,0.822584033990344,0.825653853675665,0.825653853675665
daily_load_sum_28d_log1p,session_duration_sum_7d_log1p,36550,0.8936798734695737,0.8955123844551752,0.8955123844551752
session_duration_sum_7d_log1p,daily_load_sum_28d_log1p,36550,0.8936798734695737,0.8955123844551752,0.8955123844551752
daily_load_sum_28d_log1p,session_duration_sum_14d_log1p,36550,0.9467195831422587,0.9438098307740895,0.9438098307740895
session_duration_sum_14d_log1p,daily_load_sum_28d_log1p,36550,0.9467195831422587,0.9438098307740895,0.9438098307740895
daily_load_sum_28d_log1p,session_duration_sum_28d_log1p,36550,0.9988597502227593,0.9819287455389731,0.9819287455389731
session_duration_sum_28d_log1p,daily_load_sum_28d_log1p,36550,0.9988597502227593,0.9819287455389731,0.9819287455389731
daily_load_sum_28d_log1p,session_srpe_sum_3d_log1p,36550,0.8236854227275442,0.8295939580672017,0.8295939580672017
session_srpe_sum_3d_log1p,daily_load_sum_28d_log1p,36550,0.8236854227275442,0.8295939580672017,0.8295939580672017
daily_load_sum_28d_log1p,session_srpe_sum_7d_log1p,36550,0.8948946942502827,0.9030354554429627,0.9030354554429627
session_srpe_sum_7d_log1p,daily_load_sum_28d_log1p,36550,0.8948946942502827,0.9030354554429627,0.9030354554429627
daily_load_sum_28d_log1p,session_srpe_sum_14d_log1p,36550,0.9481364719510192,0.955867201852473,0.955867201852473
session_srpe_sum_14d_log1p,daily_load_sum_28d_log1p,36550,0.9481364719510192,0.955867201852473,0.955867201852473
daily_load_sum_28d_log1p,session_srpe_sum_28d_log1p,36550,0.9999803843711157,0.9991174430726256,0.9991174430726256
session_srpe_sum_28d_log1p,daily_load_sum_28d_log1p,36550,0.9999803843711157,0.9991174430726256,0.9991174430726256
session_duration_sum_3d_log1p,session_duration_sum_3d_log1p,36550,1.0,1.0,1.0
session_duration_sum_3d_log1p,session_duration_sum_7d_log1p,36550,0.9340224366481918,0.9240295738415558,0.9240295738415558
session_duration_sum_7d_log1p,session_duration_sum_3d_log1p,36550,0.9340224366481918,0.9240295738415558,0.9240295738415558
session_duration_sum_3d_log1p,session_duration_sum_14d_log1p,36550,0.8845301212747126,0.8802638035213772,0.8802638035213772
session_duration_sum_14d_log1p,session_duration_sum_3d_log1p,36550,0.8845301212747126,0.8802638035213772,0.8802638035213772
session_duration_sum_3d_log1p,session_duration_sum_28d_log1p,36550,0.8325130888277096,0.8373810699802243,0.8373810699802243
session_duration_sum_28d_log1p,session_duration_sum_3d_log1p,36550,0.8325130888277096,0.8373810699802243,0.8373810699802243
session_duration_sum_3d_log1p,session_srpe_sum_3d_log1p,36550,0.9982043849983675,0.9839182591996215,0.9839182591996215
session_srpe_sum_3d_log1p,session_duration_sum_3d_log1p,36550,0.9982043849983675,0.9839182591996215,0.9839182591996215
session_duration_sum_3d_log1p,session_srpe_sum_7d_log1p,36550,0.9279469396874683,0.9112826139972134,0.9112826139972134
session_srpe_sum_7d_log1p,session_duration_sum_3d_log1p,36550,0.9279469396874683,0.9112826139972134,0.9112826139972134
session_duration_sum_3d_log1p,session_srpe_sum_14d_log1p,36550,0.8761583627009216,0.8688603504663734,0.8688603504663734
session_srpe_sum_14d_log1p,session_duration_sum_3d_log1p,36550,0.8761583627009216,0.8688603504663734,0.8688603504663734
session_duration_sum_3d_log1p,session_srpe_sum_28d_log1p,36550,0.8225829113502705,0.8269918303317261,0.8269918303317261
session_srpe_sum_28d_log1p,session_duration_sum_3d_log1p,36550,0.8225829113502705,0.8269918303317261,0.8269918303317261
session_duration_sum_7d_log1p,session_duration_sum_7d_log1p,36550,1.0,1.0,1.0
session_duration_sum_7d_log1p,session_duration_sum_14d_log1p,36550,0.9557931387185151,0.957246707659083,0.957246707659083
session_duration_sum_14d_log1p,session_duration_sum_7d_log1p,36550,0.9557931387185151,0.957246707659083,0.957246707659083
session_duration_sum_7d_log1p,session_duration_sum_28d_log1p,36550,0.9021767594612335,0.9096994325040203,0.9096994325040203
session_duration_sum_28d_log1p,session_duration_sum_7d_log1p,36550,0.9021767594612335,0.9096994325040203,0.9096994325040203
session_duration_sum_7d_log1p,session_srpe_sum_3d_log1p,36550,0.9335836198176196,0.9102609605661512,0.9102609605661512
session_srpe_sum_3d_log1p,session_duration_sum_7d_log1p,36550,0.9335836198176196,0.9102609605661512,0.9102609605661512
session_duration_sum_7d_log1p,session_srpe_sum_7d_log1p,36550,0.9988008190980884,0.9825570871432858,0.9825570871432858
session_srpe_sum_7d_log1p,session_duration_sum_7d_log1p,36550,0.9988008190980884,0.9825570871432858,0.9825570871432858
session_duration_sum_7d_log1p,session_srpe_sum_14d_log1p,36550,0.9499322943355444,0.9433123696126666,0.9433123696126666
session_srpe_sum_14d_log1p,session_duration_sum_7d_log1p,36550,0.9499322943355444,0.9433123696126666,0.9433123696126666
session_duration_sum_7d_log1p,session_srpe_sum_28d_log1p,36550,0.8937062869643523,0.8972791182598276,0.8972791182598276
session_srpe_sum_28d_log1p,session_duration_sum_7d_log1p,36550,0.8937062869643523,0.8972791182598276,0.8972791182598276
session_duration_sum_14d_log1p,session_duration_sum_14d_log1p,36550,1.0,1.0,1.0
session_duration_sum_14d_log1p,session_duration_sum_28d_log1p,36550,0.9528743768571086,0.9596815175488669,0.9596815175488669
session_duration_sum_28d_log1p,session_duration_sum_14d_log1p,36550,0.9528743768571086,0.9596815175488669,0.9596815175488669
session_duration_sum_14d_log1p,session_srpe_sum_3d_log1p,36550,0.8843502615241153,0.8660583229461684,0.8660583229461684
session_srpe_sum_3d_log1p,session_duration_sum_14d_log1p,36550,0.8843502615241153,0.8660583229461684,0.8660583229461684
session_duration_sum_14d_log1p,session_srpe_sum_7d_log1p,36550,0.9552472550969652,0.9393628848120601,0.9393628848120601
session_srpe_sum_7d_log1p,session_duration_sum_14d_log1p,36550,0.9552472550969652,0.9393628848120601,0.9393628848120601
session_duration_sum_14d_log1p,session_srpe_sum_14d_log1p,36550,0.9988750081291742,0.9831336820296487,0.9831336820296487
session_srpe_sum_14d_log1p,session_duration_sum_14d_log1p,36550,0.9988750081291742,0.9831336820296487,0.9831336820296487
session_duration_sum_14d_log1p,session_srpe_sum_28d_log1p,36550,0.946752519974406,0.9456523424998343,0.9456523424998343
session_srpe_sum_28d_log1p,session_duration_sum_14d_log1p,36550,0.946752519974406,0.9456523424998343,0.9456523424998343
session_duration_sum_28d_log1p,session_duration_sum_28d_log1p,36550,1.0,1.0,1.0
session_duration_sum_28d_log1p,session_srpe_sum_3d_log1p,36550,0.8324840404949017,0.8234958078529894,0.8234958078529894
session_srpe_sum_3d_log1p,session_duration_sum_28d_log1p,36550,0.8324840404949017,0.8234958078529894,0.8234958078529894
session_duration_sum_28d_log1p,session_srpe_sum_7d_log1p,36550,0.9020098174601704,0.891735805321999,0.891735805321999
session_srpe_sum_7d_log1p,session_duration_sum_28d_log1p,36550,0.9020098174601704,0.891735805321999,0.891735805321999
session_duration_sum_28d_log1p,session_srpe_sum_14d_log1p,36550,0.9525692941393546,0.9419123852067687,0.9419123852067687
session_srpe_sum_14d_log1p,session_duration_sum_28d_log1p,36550,0.9525692941393546,0.9419123852067687,0.9419123852067687
session_duration_sum_28d_log1p,session_srpe_sum_28d_log1p,36550,0.9988892245728863,0.9838039646289103,0.9838039646289103
session_srpe_sum_28d_log1p,session_duration_sum_28d_log1p,36550,0.9988892245728863,0.9838039646289103,0.9838039646289103
session_srpe_sum_3d_log1p,session_srpe_sum_3d_log1p,36550,1.0,1.0,1.0
session_srpe_sum_3d_log1p,session_srpe_sum_7d_log1p,36550,0.9294033014752213,0.9215062954925685,0.9215062954925685
session_srpe_sum_7d_log1p,session_srpe_sum_3d_log1p,36550,0.9294033014752213,0.9215062954925685,0.9215062954925685
session_srpe_sum_3d_log1p,session_srpe_sum_14d_log1p,36550,0.8773783201399221,0.8747054871804504,0.8747054871804504
session_srpe_sum_14d_log1p,session_srpe_sum_3d_log1p,36550,0.8773783201399221,0.8747054871804504,0.8747054871804504
session_srpe_sum_3d_log1p,session_srpe_sum_28d_log1p,36550,0.8236629206729131,0.8304327944965016,0.8304327944965016
session_srpe_sum_28d_log1p,session_srpe_sum_3d_log1p,36550,0.8236629206729131,0.8304327944965016,0.8304327944965016
session_srpe_sum_7d_log1p,session_srpe_sum_7d_log1p,36550,1.0,1.0,1.0
session_srpe_sum_7d_log1p,session_srpe_sum_14d_log1p,36550,0.9511301949250077,0.9542552440129697,0.9542552440129697
session_srpe_sum_14d_log1p,session_srpe_sum_7d_log1p,36550,0.9511301949250077,0.9542552440129697,0.9542552440129697
session_srpe_sum_7d_log1p,session_srpe_sum_28d_log1p,36550,0.8949047487433515,0.904009507386836,0.904009507386836
session_srpe_sum_28d_log1p,session_srpe_sum_7d_log1p,36550,0.8949047487433515,0.904009507386836,0.904009507386836
session_srpe_sum_14d_log1p,session_srpe_sum_14d_log1p,36550,1.0,1.0,1.0
session_srpe_sum_14d_log1p,session_srpe_sum_28d_log1p,36550,0.9481529790318146,0.9567973482228027,0.9567973482228027
session_srpe_sum_28d_log1p,session_srpe_sum_14d_log1p,36550,0.9481529790318146,0.9567973482228027,0.9567973482228027
session_srpe_sum_28d_log1p,session_srpe_sum_28d_log1p,36550,1.0,1.0,1.0
